REGION,FUEL,TIMESLICE,YEAR,VALUE
RE1,AGFELC,S101,2022,0.5
RE1,AGFELC,S101,2023,0.5
RE1,AGFELC,S101,2024,0.5
RE1,AGFELC,S101,2025,0.5
RE1,AGFELC,S101,2026,0.5
RE1,AGFELC,S101,2027,0.5
RE1,AGFELC,S101,2028,0.5
RE1,AGFELC,S101,2029,0.5
RE1,AGFELC,S101,2030,0.5
RE1,AGFELC,S101,2031,0.5
RE1,AGFELC,S101,2032,0.5
RE1,AGFELC,S101,2033,0.5
RE1,AGFELC,S101,2034,0.5
RE1,AGFELC,S101,2035,0.5
RE1,AGFELC,S101,2036,0.5
RE1,AGFELC,S101,2037,0.5
RE1,AGFELC,S101,2038,0.5
RE1,AGFELC,S101,2039,0.5
RE1,AGFELC,S101,2040,0.5
RE1,AGFELC,S101,2041,0.5
RE1,AGFELC,S101,2042,0.5
RE1,AGFELC,S101,2043,0.5
RE1,AGFELC,S101,2044,0.5
RE1,AGFELC,S101,2045,0.5
RE1,AGFELC,S101,2046,0.5
RE1,AGFELC,S101,2047,0.5
RE1,AGFELC,S101,2048,0.5
RE1,AGFELC,S101,2049,0.5
RE1,AGFELC,S101,2050,0.5
RE1,AGFELC,S101,2051,0.5
RE1,AGFELC,S101,2052,0.5
RE1,AGFELC,S101,2053,0.5
RE1,AGFELC,S101,2054,0.5
RE1,AGFELC,S101,2055,0.5
RE1,AGFELC,S102,2022,0.5
RE1,AGFELC,S102,2023,0.5
RE1,AGFELC,S102,2024,0.5
RE1,AGFELC,S102,2025,0.5
RE1,AGFELC,S102,2026,0.5
RE1,AGFELC,S102,2027,0.5
RE1,AGFELC,S102,2028,0.5
RE1,AGFELC,S102,2029,0.5
RE1,AGFELC,S102,2030,0.5
RE1,AGFELC,S102,2031,0.5
RE1,AGFELC,S102,2032,0.5
RE1,AGFELC,S102,2033,0.5
RE1,AGFELC,S102,2034,0.5
RE1,AGFELC,S102,2035,0.5
RE1,AGFELC,S102,2036,0.5
RE1,AGFELC,S102,2037,0.5
RE1,AGFELC,S102,2038,0.5
RE1,AGFELC,S102,2039,0.5
RE1,AGFELC,S102,2040,0.5
RE1,AGFELC,S102,2041,0.5
RE1,AGFELC,S102,2042,0.5
RE1,AGFELC,S102,2043,0.5
RE1,AGFELC,S102,2044,0.5
RE1,AGFELC,S102,2045,0.5
RE1,AGFELC,S102,2046,0.5
RE1,AGFELC,S102,2047,0.5
RE1,AGFELC,S102,2048,0.5
RE1,AGFELC,S102,2049,0.5
RE1,AGFELC,S102,2050,0.5
RE1,AGFELC,S102,2051,0.5
RE1,AGFELC,S102,2052,0.5
RE1,AGFELC,S102,2053,0.5
RE1,AGFELC,S102,2054,0.5
RE1,AGFELC,S102,2055,0.5
RE1,CONSELC,S101,2022,0.5
RE1,CONSELC,S101,2023,0.5
RE1,CONSELC,S101,2024,0.5
RE1,CONSELC,S101,2025,0.5
RE1,CONSELC,S101,2026,0.5
RE1,CONSELC,S101,2027,0.5
RE1,CONSELC,S101,2028,0.5
RE1,CONSELC,S101,2029,0.5
RE1,CONSELC,S101,2030,0.5
RE1,CONSELC,S101,2031,0.5
RE1,CONSELC,S101,2032,0.5
RE1,CONSELC,S101,2033,0.5
RE1,CONSELC,S101,2034,0.5
RE1,CONSELC,S101,2035,0.5
RE1,CONSELC,S101,2036,0.5
RE1,CONSELC,S101,2037,0.5
RE1,CONSELC,S101,2038,0.5
RE1,CONSELC,S101,2039,0.5
RE1,CONSELC,S101,2040,0.5
RE1,CONSELC,S101,2041,0.5
RE1,CONSELC,S101,2042,0.5
RE1,CONSELC,S101,2043,0.5
RE1,CONSELC,S101,2044,0.5
RE1,CONSELC,S101,2045,0.5
RE1,CONSELC,S101,2046,0.5
RE1,CONSELC,S101,2047,0.5
RE1,CONSELC,S101,2048,0.5
RE1,CONSELC,S101,2049,0.5
RE1,CONSELC,S101,2050,0.5
RE1,CONSELC,S101,2051,0.5
RE1,CONSELC,S101,2052,0.5
RE1,CONSELC,S101,2053,0.5
RE1,CONSELC,S101,2054,0.5
RE1,CONSELC,S101,2055,0.5
RE1,CONSELC,S102,2022,0.5
RE1,CONSELC,S102,2023,0.5
RE1,CONSELC,S102,2024,0.5
RE1,CONSELC,S102,2025,0.5
RE1,CONSELC,S102,2026,0.5
RE1,CONSELC,S102,2027,0.5
RE1,CONSELC,S102,2028,0.5
RE1,CONSELC,S102,2029,0.5
RE1,CONSELC,S102,2030,0.5
RE1,CONSELC,S102,2031,0.5
RE1,CONSELC,S102,2032,0.5
RE1,CONSELC,S102,2033,0.5
RE1,CONSELC,S102,2034,0.5
RE1,CONSELC,S102,2035,0.5
RE1,CONSELC,S102,2036,0.5
RE1,CONSELC,S102,2037,0.5
RE1,CONSELC,S102,2038,0.5
RE1,CONSELC,S102,2039,0.5
RE1,CONSELC,S102,2040,0.5
RE1,CONSELC,S102,2041,0.5
RE1,CONSELC,S102,2042,0.5
RE1,CONSELC,S102,2043,0.5
RE1,CONSELC,S102,2044,0.5
RE1,CONSELC,S102,2045,0.5
RE1,CONSELC,S102,2046,0.5
RE1,CONSELC,S102,2047,0.5
RE1,CONSELC,S102,2048,0.5
RE1,CONSELC,S102,2049,0.5
RE1,CONSELC,S102,2050,0.5
RE1,CONSELC,S102,2051,0.5
RE1,CONSELC,S102,2052,0.5
RE1,CONSELC,S102,2053,0.5
RE1,CONSELC,S102,2054,0.5
RE1,CONSELC,S102,2055,0.5
RE1,INDCLIM,S101,2022,0.5
RE1,INDCLIM,S101,2023,0.5
RE1,INDCLIM,S101,2024,0.5
RE1,INDCLIM,S101,2025,0.5
RE1,INDCLIM,S101,2026,0.5
RE1,INDCLIM,S101,2027,0.5
RE1,INDCLIM,S101,2028,0.5
RE1,INDCLIM,S101,2029,0.5
RE1,INDCLIM,S101,2030,0.5
RE1,INDCLIM,S101,2031,0.5
RE1,INDCLIM,S101,2032,0.5
RE1,INDCLIM,S101,2033,0.5
RE1,INDCLIM,S101,2034,0.5
RE1,INDCLIM,S101,2035,0.5
RE1,INDCLIM,S101,2036,0.5
RE1,INDCLIM,S101,2037,0.5
RE1,INDCLIM,S101,2038,0.5
RE1,INDCLIM,S101,2039,0.5
RE1,INDCLIM,S101,2040,0.5
RE1,INDCLIM,S101,2041,0.5
RE1,INDCLIM,S101,2042,0.5
RE1,INDCLIM,S101,2043,0.5
RE1,INDCLIM,S101,2044,0.5
RE1,INDCLIM,S101,2045,0.5
RE1,INDCLIM,S101,2046,0.5
RE1,INDCLIM,S101,2047,0.5
RE1,INDCLIM,S101,2048,0.5
RE1,INDCLIM,S101,2049,0.5
RE1,INDCLIM,S101,2050,0.5
RE1,INDCLIM,S101,2051,0.5
RE1,INDCLIM,S101,2052,0.5
RE1,INDCLIM,S101,2053,0.5
RE1,INDCLIM,S101,2054,0.5
RE1,INDCLIM,S101,2055,0.5
RE1,INDCLIM,S102,2022,0.5
RE1,INDCLIM,S102,2023,0.5
RE1,INDCLIM,S102,2024,0.5
RE1,INDCLIM,S102,2025,0.5
RE1,INDCLIM,S102,2026,0.5
RE1,INDCLIM,S102,2027,0.5
RE1,INDCLIM,S102,2028,0.5
RE1,INDCLIM,S102,2029,0.5
RE1,INDCLIM,S102,2030,0.5
RE1,INDCLIM,S102,2031,0.5
RE1,INDCLIM,S102,2032,0.5
RE1,INDCLIM,S102,2033,0.5
RE1,INDCLIM,S102,2034,0.5
RE1,INDCLIM,S102,2035,0.5
RE1,INDCLIM,S102,2036,0.5
RE1,INDCLIM,S102,2037,0.5
RE1,INDCLIM,S102,2038,0.5
RE1,INDCLIM,S102,2039,0.5
RE1,INDCLIM,S102,2040,0.5
RE1,INDCLIM,S102,2041,0.5
RE1,INDCLIM,S102,2042,0.5
RE1,INDCLIM,S102,2043,0.5
RE1,INDCLIM,S102,2044,0.5
RE1,INDCLIM,S102,2045,0.5
RE1,INDCLIM,S102,2046,0.5
RE1,INDCLIM,S102,2047,0.5
RE1,INDCLIM,S102,2048,0.5
RE1,INDCLIM,S102,2049,0.5
RE1,INDCLIM,S102,2050,0.5
RE1,INDCLIM,S102,2051,0.5
RE1,INDCLIM,S102,2052,0.5
RE1,INDCLIM,S102,2053,0.5
RE1,INDCLIM,S102,2054,0.5
RE1,INDCLIM,S102,2055,0.5
RE1,INDDHT,S101,2022,0.5
RE1,INDDHT,S101,2023,0.5
RE1,INDDHT,S101,2024,0.5
RE1,INDDHT,S101,2025,0.5
RE1,INDDHT,S101,2026,0.5
RE1,INDDHT,S101,2027,0.5
RE1,INDDHT,S101,2028,0.5
RE1,INDDHT,S101,2029,0.5
RE1,INDDHT,S101,2030,0.5
RE1,INDDHT,S101,2031,0.5
RE1,INDDHT,S101,2032,0.5
RE1,INDDHT,S101,2033,0.5
RE1,INDDHT,S101,2034,0.5
RE1,INDDHT,S101,2035,0.5
RE1,INDDHT,S101,2036,0.5
RE1,INDDHT,S101,2037,0.5
RE1,INDDHT,S101,2038,0.5
RE1,INDDHT,S101,2039,0.5
RE1,INDDHT,S101,2040,0.5
RE1,INDDHT,S101,2041,0.5
RE1,INDDHT,S101,2042,0.5
RE1,INDDHT,S101,2043,0.5
RE1,INDDHT,S101,2044,0.5
RE1,INDDHT,S101,2045,0.5
RE1,INDDHT,S101,2046,0.5
RE1,INDDHT,S101,2047,0.5
RE1,INDDHT,S101,2048,0.5
RE1,INDDHT,S101,2049,0.5
RE1,INDDHT,S101,2050,0.5
RE1,INDDHT,S101,2051,0.5
RE1,INDDHT,S101,2052,0.5
RE1,INDDHT,S101,2053,0.5
RE1,INDDHT,S101,2054,0.5
RE1,INDDHT,S101,2055,0.5
RE1,INDDHT,S102,2022,0.5
RE1,INDDHT,S102,2023,0.5
RE1,INDDHT,S102,2024,0.5
RE1,INDDHT,S102,2025,0.5
RE1,INDDHT,S102,2026,0.5
RE1,INDDHT,S102,2027,0.5
RE1,INDDHT,S102,2028,0.5
RE1,INDDHT,S102,2029,0.5
RE1,INDDHT,S102,2030,0.5
RE1,INDDHT,S102,2031,0.5
RE1,INDDHT,S102,2032,0.5
RE1,INDDHT,S102,2033,0.5
RE1,INDDHT,S102,2034,0.5
RE1,INDDHT,S102,2035,0.5
RE1,INDDHT,S102,2036,0.5
RE1,INDDHT,S102,2037,0.5
RE1,INDDHT,S102,2038,0.5
RE1,INDDHT,S102,2039,0.5
RE1,INDDHT,S102,2040,0.5
RE1,INDDHT,S102,2041,0.5
RE1,INDDHT,S102,2042,0.5
RE1,INDDHT,S102,2043,0.5
RE1,INDDHT,S102,2044,0.5
RE1,INDDHT,S102,2045,0.5
RE1,INDDHT,S102,2046,0.5
RE1,INDDHT,S102,2047,0.5
RE1,INDDHT,S102,2048,0.5
RE1,INDDHT,S102,2049,0.5
RE1,INDDHT,S102,2050,0.5
RE1,INDDHT,S102,2051,0.5
RE1,INDDHT,S102,2052,0.5
RE1,INDDHT,S102,2053,0.5
RE1,INDDHT,S102,2054,0.5
RE1,INDDHT,S102,2055,0.5
RE1,INDIHT,S101,2022,0.5
RE1,INDIHT,S101,2023,0.5
RE1,INDIHT,S101,2024,0.5
RE1,INDIHT,S101,2025,0.5
RE1,INDIHT,S101,2026,0.5
RE1,INDIHT,S101,2027,0.5
RE1,INDIHT,S101,2028,0.5
RE1,INDIHT,S101,2029,0.5
RE1,INDIHT,S101,2030,0.5
RE1,INDIHT,S101,2031,0.5
RE1,INDIHT,S101,2032,0.5
RE1,INDIHT,S101,2033,0.5
RE1,INDIHT,S101,2034,0.5
RE1,INDIHT,S101,2035,0.5
RE1,INDIHT,S101,2036,0.5
RE1,INDIHT,S101,2037,0.5
RE1,INDIHT,S101,2038,0.5
RE1,INDIHT,S101,2039,0.5
RE1,INDIHT,S101,2040,0.5
RE1,INDIHT,S101,2041,0.5
RE1,INDIHT,S101,2042,0.5
RE1,INDIHT,S101,2043,0.5
RE1,INDIHT,S101,2044,0.5
RE1,INDIHT,S101,2045,0.5
RE1,INDIHT,S101,2046,0.5
RE1,INDIHT,S101,2047,0.5
RE1,INDIHT,S101,2048,0.5
RE1,INDIHT,S101,2049,0.5
RE1,INDIHT,S101,2050,0.5
RE1,INDIHT,S101,2051,0.5
RE1,INDIHT,S101,2052,0.5
RE1,INDIHT,S101,2053,0.5
RE1,INDIHT,S101,2054,0.5
RE1,INDIHT,S101,2055,0.5
RE1,INDIHT,S102,2022,0.5
RE1,INDIHT,S102,2023,0.5
RE1,INDIHT,S102,2024,0.5
RE1,INDIHT,S102,2025,0.5
RE1,INDIHT,S102,2026,0.5
RE1,INDIHT,S102,2027,0.5
RE1,INDIHT,S102,2028,0.5
RE1,INDIHT,S102,2029,0.5
RE1,INDIHT,S102,2030,0.5
RE1,INDIHT,S102,2031,0.5
RE1,INDIHT,S102,2032,0.5
RE1,INDIHT,S102,2033,0.5
RE1,INDIHT,S102,2034,0.5
RE1,INDIHT,S102,2035,0.5
RE1,INDIHT,S102,2036,0.5
RE1,INDIHT,S102,2037,0.5
RE1,INDIHT,S102,2038,0.5
RE1,INDIHT,S102,2039,0.5
RE1,INDIHT,S102,2040,0.5
RE1,INDIHT,S102,2041,0.5
RE1,INDIHT,S102,2042,0.5
RE1,INDIHT,S102,2043,0.5
RE1,INDIHT,S102,2044,0.5
RE1,INDIHT,S102,2045,0.5
RE1,INDIHT,S102,2046,0.5
RE1,INDIHT,S102,2047,0.5
RE1,INDIHT,S102,2048,0.5
RE1,INDIHT,S102,2049,0.5
RE1,INDIHT,S102,2050,0.5
RE1,INDIHT,S102,2051,0.5
RE1,INDIHT,S102,2052,0.5
RE1,INDIHT,S102,2053,0.5
RE1,INDIHT,S102,2054,0.5
RE1,INDIHT,S102,2055,0.5
RE1,INDILU,S101,2022,0.5
RE1,INDILU,S101,2023,0.5
RE1,INDILU,S101,2024,0.5
RE1,INDILU,S101,2025,0.5
RE1,INDILU,S101,2026,0.5
RE1,INDILU,S101,2027,0.5
RE1,INDILU,S101,2028,0.5
RE1,INDILU,S101,2029,0.5
RE1,INDILU,S101,2030,0.5
RE1,INDILU,S101,2031,0.5
RE1,INDILU,S101,2032,0.5
RE1,INDILU,S101,2033,0.5
RE1,INDILU,S101,2034,0.5
RE1,INDILU,S101,2035,0.5
RE1,INDILU,S101,2036,0.5
RE1,INDILU,S101,2037,0.5
RE1,INDILU,S101,2038,0.5
RE1,INDILU,S101,2039,0.5
RE1,INDILU,S101,2040,0.5
RE1,INDILU,S101,2041,0.5
RE1,INDILU,S101,2042,0.5
RE1,INDILU,S101,2043,0.5
RE1,INDILU,S101,2044,0.5
RE1,INDILU,S101,2045,0.5
RE1,INDILU,S101,2046,0.5
RE1,INDILU,S101,2047,0.5
RE1,INDILU,S101,2048,0.5
RE1,INDILU,S101,2049,0.5
RE1,INDILU,S101,2050,0.5
RE1,INDILU,S101,2051,0.5
RE1,INDILU,S101,2052,0.5
RE1,INDILU,S101,2053,0.5
RE1,INDILU,S101,2054,0.5
RE1,INDILU,S101,2055,0.5
RE1,INDILU,S102,2022,0.5
RE1,INDILU,S102,2023,0.5
RE1,INDILU,S102,2024,0.5
RE1,INDILU,S102,2025,0.5
RE1,INDILU,S102,2026,0.5
RE1,INDILU,S102,2027,0.5
RE1,INDILU,S102,2028,0.5
RE1,INDILU,S102,2029,0.5
RE1,INDILU,S102,2030,0.5
RE1,INDILU,S102,2031,0.5
RE1,INDILU,S102,2032,0.5
RE1,INDILU,S102,2033,0.5
RE1,INDILU,S102,2034,0.5
RE1,INDILU,S102,2035,0.5
RE1,INDILU,S102,2036,0.5
RE1,INDILU,S102,2037,0.5
RE1,INDILU,S102,2038,0.5
RE1,INDILU,S102,2039,0.5
RE1,INDILU,S102,2040,0.5
RE1,INDILU,S102,2041,0.5
RE1,INDILU,S102,2042,0.5
RE1,INDILU,S102,2043,0.5
RE1,INDILU,S102,2044,0.5
RE1,INDILU,S102,2045,0.5
RE1,INDILU,S102,2046,0.5
RE1,INDILU,S102,2047,0.5
RE1,INDILU,S102,2048,0.5
RE1,INDILU,S102,2049,0.5
RE1,INDILU,S102,2050,0.5
RE1,INDILU,S102,2051,0.5
RE1,INDILU,S102,2052,0.5
RE1,INDILU,S102,2053,0.5
RE1,INDILU,S102,2054,0.5
RE1,INDILU,S102,2055,0.5
RE1,INDMPW,S101,2022,0.5
RE1,INDMPW,S101,2023,0.5
RE1,INDMPW,S101,2024,0.5
RE1,INDMPW,S101,2025,0.5
RE1,INDMPW,S101,2026,0.5
RE1,INDMPW,S101,2027,0.5
RE1,INDMPW,S101,2028,0.5
RE1,INDMPW,S101,2029,0.5
RE1,INDMPW,S101,2030,0.5
RE1,INDMPW,S101,2031,0.5
RE1,INDMPW,S101,2032,0.5
RE1,INDMPW,S101,2033,0.5
RE1,INDMPW,S101,2034,0.5
RE1,INDMPW,S101,2035,0.5
RE1,INDMPW,S101,2036,0.5
RE1,INDMPW,S101,2037,0.5
RE1,INDMPW,S101,2038,0.5
RE1,INDMPW,S101,2039,0.5
RE1,INDMPW,S101,2040,0.5
RE1,INDMPW,S101,2041,0.5
RE1,INDMPW,S101,2042,0.5
RE1,INDMPW,S101,2043,0.5
RE1,INDMPW,S101,2044,0.5
RE1,INDMPW,S101,2045,0.5
RE1,INDMPW,S101,2046,0.5
RE1,INDMPW,S101,2047,0.5
RE1,INDMPW,S101,2048,0.5
RE1,INDMPW,S101,2049,0.5
RE1,INDMPW,S101,2050,0.5
RE1,INDMPW,S101,2051,0.5
RE1,INDMPW,S101,2052,0.5
RE1,INDMPW,S101,2053,0.5
RE1,INDMPW,S101,2054,0.5
RE1,INDMPW,S101,2055,0.5
RE1,INDMPW,S102,2022,0.5
RE1,INDMPW,S102,2023,0.5
RE1,INDMPW,S102,2024,0.5
RE1,INDMPW,S102,2025,0.5
RE1,INDMPW,S102,2026,0.5
RE1,INDMPW,S102,2027,0.5
RE1,INDMPW,S102,2028,0.5
RE1,INDMPW,S102,2029,0.5
RE1,INDMPW,S102,2030,0.5
RE1,INDMPW,S102,2031,0.5
RE1,INDMPW,S102,2032,0.5
RE1,INDMPW,S102,2033,0.5
RE1,INDMPW,S102,2034,0.5
RE1,INDMPW,S102,2035,0.5
RE1,INDMPW,S102,2036,0.5
RE1,INDMPW,S102,2037,0.5
RE1,INDMPW,S102,2038,0.5
RE1,INDMPW,S102,2039,0.5
RE1,INDMPW,S102,2040,0.5
RE1,INDMPW,S102,2041,0.5
RE1,INDMPW,S102,2042,0.5
RE1,INDMPW,S102,2043,0.5
RE1,INDMPW,S102,2044,0.5
RE1,INDMPW,S102,2045,0.5
RE1,INDMPW,S102,2046,0.5
RE1,INDMPW,S102,2047,0.5
RE1,INDMPW,S102,2048,0.5
RE1,INDMPW,S102,2049,0.5
RE1,INDMPW,S102,2050,0.5
RE1,INDMPW,S102,2051,0.5
RE1,INDMPW,S102,2052,0.5
RE1,INDMPW,S102,2053,0.5
RE1,INDMPW,S102,2054,0.5
RE1,INDMPW,S102,2055,0.5
RE1,INDOTH_ELC,S101,2022,0.5
RE1,INDOTH_ELC,S101,2023,0.5
RE1,INDOTH_ELC,S101,2024,0.5
RE1,INDOTH_ELC,S101,2025,0.5
RE1,INDOTH_ELC,S101,2026,0.5
RE1,INDOTH_ELC,S101,2027,0.5
RE1,INDOTH_ELC,S101,2028,0.5
RE1,INDOTH_ELC,S101,2029,0.5
RE1,INDOTH_ELC,S101,2030,0.5
RE1,INDOTH_ELC,S101,2031,0.5
RE1,INDOTH_ELC,S101,2032,0.5
RE1,INDOTH_ELC,S101,2033,0.5
RE1,INDOTH_ELC,S101,2034,0.5
RE1,INDOTH_ELC,S101,2035,0.5
RE1,INDOTH_ELC,S101,2036,0.5
RE1,INDOTH_ELC,S101,2037,0.5
RE1,INDOTH_ELC,S101,2038,0.5
RE1,INDOTH_ELC,S101,2039,0.5
RE1,INDOTH_ELC,S101,2040,0.5
RE1,INDOTH_ELC,S101,2041,0.5
RE1,INDOTH_ELC,S101,2042,0.5
RE1,INDOTH_ELC,S101,2043,0.5
RE1,INDOTH_ELC,S101,2044,0.5
RE1,INDOTH_ELC,S101,2045,0.5
RE1,INDOTH_ELC,S101,2046,0.5
RE1,INDOTH_ELC,S101,2047,0.5
RE1,INDOTH_ELC,S101,2048,0.5
RE1,INDOTH_ELC,S101,2049,0.5
RE1,INDOTH_ELC,S101,2050,0.5
RE1,INDOTH_ELC,S101,2051,0.5
RE1,INDOTH_ELC,S101,2052,0.5
RE1,INDOTH_ELC,S101,2053,0.5
RE1,INDOTH_ELC,S101,2054,0.5
RE1,INDOTH_ELC,S101,2055,0.5
RE1,INDOTH_ELC,S102,2022,0.5
RE1,INDOTH_ELC,S102,2023,0.5
RE1,INDOTH_ELC,S102,2024,0.5
RE1,INDOTH_ELC,S102,2025,0.5
RE1,INDOTH_ELC,S102,2026,0.5
RE1,INDOTH_ELC,S102,2027,0.5
RE1,INDOTH_ELC,S102,2028,0.5
RE1,INDOTH_ELC,S102,2029,0.5
RE1,INDOTH_ELC,S102,2030,0.5
RE1,INDOTH_ELC,S102,2031,0.5
RE1,INDOTH_ELC,S102,2032,0.5
RE1,INDOTH_ELC,S102,2033,0.5
RE1,INDOTH_ELC,S102,2034,0.5
RE1,INDOTH_ELC,S102,2035,0.5
RE1,INDOTH_ELC,S102,2036,0.5
RE1,INDOTH_ELC,S102,2037,0.5
RE1,INDOTH_ELC,S102,2038,0.5
RE1,INDOTH_ELC,S102,2039,0.5
RE1,INDOTH_ELC,S102,2040,0.5
RE1,INDOTH_ELC,S102,2041,0.5
RE1,INDOTH_ELC,S102,2042,0.5
RE1,INDOTH_ELC,S102,2043,0.5
RE1,INDOTH_ELC,S102,2044,0.5
RE1,INDOTH_ELC,S102,2045,0.5
RE1,INDOTH_ELC,S102,2046,0.5
RE1,INDOTH_ELC,S102,2047,0.5
RE1,INDOTH_ELC,S102,2048,0.5
RE1,INDOTH_ELC,S102,2049,0.5
RE1,INDOTH_ELC,S102,2050,0.5
RE1,INDOTH_ELC,S102,2051,0.5
RE1,INDOTH_ELC,S102,2052,0.5
RE1,INDOTH_ELC,S102,2053,0.5
RE1,INDOTH_ELC,S102,2054,0.5
RE1,INDOTH_ELC,S102,2055,0.5
RE1,INDREF,S101,2022,0.5
RE1,INDREF,S101,2023,0.5
RE1,INDREF,S101,2024,0.5
RE1,INDREF,S101,2025,0.5
RE1,INDREF,S101,2026,0.5
RE1,INDREF,S101,2027,0.5
RE1,INDREF,S101,2028,0.5
RE1,INDREF,S101,2029,0.5
RE1,INDREF,S101,2030,0.5
RE1,INDREF,S101,2031,0.5
RE1,INDREF,S101,2032,0.5
RE1,INDREF,S101,2033,0.5
RE1,INDREF,S101,2034,0.5
RE1,INDREF,S101,2035,0.5
RE1,INDREF,S101,2036,0.5
RE1,INDREF,S101,2037,0.5
RE1,INDREF,S101,2038,0.5
RE1,INDREF,S101,2039,0.5
RE1,INDREF,S101,2040,0.5
RE1,INDREF,S101,2041,0.5
RE1,INDREF,S101,2042,0.5
RE1,INDREF,S101,2043,0.5
RE1,INDREF,S101,2044,0.5
RE1,INDREF,S101,2045,0.5
RE1,INDREF,S101,2046,0.5
RE1,INDREF,S101,2047,0.5
RE1,INDREF,S101,2048,0.5
RE1,INDREF,S101,2049,0.5
RE1,INDREF,S101,2050,0.5
RE1,INDREF,S101,2051,0.5
RE1,INDREF,S101,2052,0.5
RE1,INDREF,S101,2053,0.5
RE1,INDREF,S101,2054,0.5
RE1,INDREF,S101,2055,0.5
RE1,INDREF,S102,2022,0.5
RE1,INDREF,S102,2023,0.5
RE1,INDREF,S102,2024,0.5
RE1,INDREF,S102,2025,0.5
RE1,INDREF,S102,2026,0.5
RE1,INDREF,S102,2027,0.5
RE1,INDREF,S102,2028,0.5
RE1,INDREF,S102,2029,0.5
RE1,INDREF,S102,2030,0.5
RE1,INDREF,S102,2031,0.5
RE1,INDREF,S102,2032,0.5
RE1,INDREF,S102,2033,0.5
RE1,INDREF,S102,2034,0.5
RE1,INDREF,S102,2035,0.5
RE1,INDREF,S102,2036,0.5
RE1,INDREF,S102,2037,0.5
RE1,INDREF,S102,2038,0.5
RE1,INDREF,S102,2039,0.5
RE1,INDREF,S102,2040,0.5
RE1,INDREF,S102,2041,0.5
RE1,INDREF,S102,2042,0.5
RE1,INDREF,S102,2043,0.5
RE1,INDREF,S102,2044,0.5
RE1,INDREF,S102,2045,0.5
RE1,INDREF,S102,2046,0.5
RE1,INDREF,S102,2047,0.5
RE1,INDREF,S102,2048,0.5
RE1,INDREF,S102,2049,0.5
RE1,INDREF,S102,2050,0.5
RE1,INDREF,S102,2051,0.5
RE1,INDREF,S102,2052,0.5
RE1,INDREF,S102,2053,0.5
RE1,INDREF,S102,2054,0.5
RE1,INDREF,S102,2055,0.5
RE1,MINIELC,S101,2022,0.5
RE1,MINIELC,S101,2023,0.5
RE1,MINIELC,S101,2024,0.5
RE1,MINIELC,S101,2025,0.5
RE1,MINIELC,S101,2026,0.5
RE1,MINIELC,S101,2027,0.5
RE1,MINIELC,S101,2028,0.5
RE1,MINIELC,S101,2029,0.5
RE1,MINIELC,S101,2030,0.5
RE1,MINIELC,S101,2031,0.5
RE1,MINIELC,S101,2032,0.5
RE1,MINIELC,S101,2033,0.5
RE1,MINIELC,S101,2034,0.5
RE1,MINIELC,S101,2035,0.5
RE1,MINIELC,S101,2036,0.5
RE1,MINIELC,S101,2037,0.5
RE1,MINIELC,S101,2038,0.5
RE1,MINIELC,S101,2039,0.5
RE1,MINIELC,S101,2040,0.5
RE1,MINIELC,S101,2041,0.5
RE1,MINIELC,S101,2042,0.5
RE1,MINIELC,S101,2043,0.5
RE1,MINIELC,S101,2044,0.5
RE1,MINIELC,S101,2045,0.5
RE1,MINIELC,S101,2046,0.5
RE1,MINIELC,S101,2047,0.5
RE1,MINIELC,S101,2048,0.5
RE1,MINIELC,S101,2049,0.5
RE1,MINIELC,S101,2050,0.5
RE1,MINIELC,S101,2051,0.5
RE1,MINIELC,S101,2052,0.5
RE1,MINIELC,S101,2053,0.5
RE1,MINIELC,S101,2054,0.5
RE1,MINIELC,S101,2055,0.5
RE1,MINIELC,S102,2022,0.5
RE1,MINIELC,S102,2023,0.5
RE1,MINIELC,S102,2024,0.5
RE1,MINIELC,S102,2025,0.5
RE1,MINIELC,S102,2026,0.5
RE1,MINIELC,S102,2027,0.5
RE1,MINIELC,S102,2028,0.5
RE1,MINIELC,S102,2029,0.5
RE1,MINIELC,S102,2030,0.5
RE1,MINIELC,S102,2031,0.5
RE1,MINIELC,S102,2032,0.5
RE1,MINIELC,S102,2033,0.5
RE1,MINIELC,S102,2034,0.5
RE1,MINIELC,S102,2035,0.5
RE1,MINIELC,S102,2036,0.5
RE1,MINIELC,S102,2037,0.5
RE1,MINIELC,S102,2038,0.5
RE1,MINIELC,S102,2039,0.5
RE1,MINIELC,S102,2040,0.5
RE1,MINIELC,S102,2041,0.5
RE1,MINIELC,S102,2042,0.5
RE1,MINIELC,S102,2043,0.5
RE1,MINIELC,S102,2044,0.5
RE1,MINIELC,S102,2045,0.5
RE1,MINIELC,S102,2046,0.5
RE1,MINIELC,S102,2047,0.5
RE1,MINIELC,S102,2048,0.5
RE1,MINIELC,S102,2049,0.5
RE1,MINIELC,S102,2050,0.5
RE1,MINIELC,S102,2051,0.5
RE1,MINIELC,S102,2052,0.5
RE1,MINIELC,S102,2053,0.5
RE1,MINIELC,S102,2054,0.5
RE1,MINIELC,S102,2055,0.5
RE1,NSEELC,S101,2022,0.5
RE1,NSEELC,S101,2023,0.5
RE1,NSEELC,S101,2024,0.5
RE1,NSEELC,S101,2025,0.5
RE1,NSEELC,S101,2026,0.5
RE1,NSEELC,S101,2027,0.5
RE1,NSEELC,S101,2028,0.5
RE1,NSEELC,S101,2029,0.5
RE1,NSEELC,S101,2030,0.5
RE1,NSEELC,S101,2031,0.5
RE1,NSEELC,S101,2032,0.5
RE1,NSEELC,S101,2033,0.5
RE1,NSEELC,S101,2034,0.5
RE1,NSEELC,S101,2035,0.5
RE1,NSEELC,S101,2036,0.5
RE1,NSEELC,S101,2037,0.5
RE1,NSEELC,S101,2038,0.5
RE1,NSEELC,S101,2039,0.5
RE1,NSEELC,S101,2040,0.5
RE1,NSEELC,S101,2041,0.5
RE1,NSEELC,S101,2042,0.5
RE1,NSEELC,S101,2043,0.5
RE1,NSEELC,S101,2044,0.5
RE1,NSEELC,S101,2045,0.5
RE1,NSEELC,S101,2046,0.5
RE1,NSEELC,S101,2047,0.5
RE1,NSEELC,S101,2048,0.5
RE1,NSEELC,S101,2049,0.5
RE1,NSEELC,S101,2050,0.5
RE1,NSEELC,S101,2051,0.5
RE1,NSEELC,S101,2052,0.5
RE1,NSEELC,S101,2053,0.5
RE1,NSEELC,S101,2054,0.5
RE1,NSEELC,S101,2055,0.5
RE1,NSEELC,S102,2022,0.5
RE1,NSEELC,S102,2023,0.5
RE1,NSEELC,S102,2024,0.5
RE1,NSEELC,S102,2025,0.5
RE1,NSEELC,S102,2026,0.5
RE1,NSEELC,S102,2027,0.5
RE1,NSEELC,S102,2028,0.5
RE1,NSEELC,S102,2029,0.5
RE1,NSEELC,S102,2030,0.5
RE1,NSEELC,S102,2031,0.5
RE1,NSEELC,S102,2032,0.5
RE1,NSEELC,S102,2033,0.5
RE1,NSEELC,S102,2034,0.5
RE1,NSEELC,S102,2035,0.5
RE1,NSEELC,S102,2036,0.5
RE1,NSEELC,S102,2037,0.5
RE1,NSEELC,S102,2038,0.5
RE1,NSEELC,S102,2039,0.5
RE1,NSEELC,S102,2040,0.5
RE1,NSEELC,S102,2041,0.5
RE1,NSEELC,S102,2042,0.5
RE1,NSEELC,S102,2043,0.5
RE1,NSEELC,S102,2044,0.5
RE1,NSEELC,S102,2045,0.5
RE1,NSEELC,S102,2046,0.5
RE1,NSEELC,S102,2047,0.5
RE1,NSEELC,S102,2048,0.5
RE1,NSEELC,S102,2049,0.5
RE1,NSEELC,S102,2050,0.5
RE1,NSEELC,S102,2051,0.5
RE1,NSEELC,S102,2052,0.5
RE1,NSEELC,S102,2053,0.5
RE1,NSEELC,S102,2054,0.5
RE1,NSEELC,S102,2055,0.5
RE1,RESCLIM_RUR,S101,2022,0.5
RE1,RESCLIM_RUR,S101,2023,0.5
RE1,RESCLIM_RUR,S101,2024,0.5
RE1,RESCLIM_RUR,S101,2025,0.5
RE1,RESCLIM_RUR,S101,2026,0.5
RE1,RESCLIM_RUR,S101,2027,0.5
RE1,RESCLIM_RUR,S101,2028,0.5
RE1,RESCLIM_RUR,S101,2029,0.5
RE1,RESCLIM_RUR,S101,2030,0.5
RE1,RESCLIM_RUR,S101,2031,0.5
RE1,RESCLIM_RUR,S101,2032,0.5
RE1,RESCLIM_RUR,S101,2033,0.5
RE1,RESCLIM_RUR,S101,2034,0.5
RE1,RESCLIM_RUR,S101,2035,0.5
RE1,RESCLIM_RUR,S101,2036,0.5
RE1,RESCLIM_RUR,S101,2037,0.5
RE1,RESCLIM_RUR,S101,2038,0.5
RE1,RESCLIM_RUR,S101,2039,0.5
RE1,RESCLIM_RUR,S101,2040,0.5
RE1,RESCLIM_RUR,S101,2041,0.5
RE1,RESCLIM_RUR,S101,2042,0.5
RE1,RESCLIM_RUR,S101,2043,0.5
RE1,RESCLIM_RUR,S101,2044,0.5
RE1,RESCLIM_RUR,S101,2045,0.5
RE1,RESCLIM_RUR,S101,2046,0.5
RE1,RESCLIM_RUR,S101,2047,0.5
RE1,RESCLIM_RUR,S101,2048,0.5
RE1,RESCLIM_RUR,S101,2049,0.5
RE1,RESCLIM_RUR,S101,2050,0.5
RE1,RESCLIM_RUR,S101,2051,0.5
RE1,RESCLIM_RUR,S101,2052,0.5
RE1,RESCLIM_RUR,S101,2053,0.5
RE1,RESCLIM_RUR,S101,2054,0.5
RE1,RESCLIM_RUR,S101,2055,0.5
RE1,RESCLIM_RUR,S102,2022,0.5
RE1,RESCLIM_RUR,S102,2023,0.5
RE1,RESCLIM_RUR,S102,2024,0.5
RE1,RESCLIM_RUR,S102,2025,0.5
RE1,RESCLIM_RUR,S102,2026,0.5
RE1,RESCLIM_RUR,S102,2027,0.5
RE1,RESCLIM_RUR,S102,2028,0.5
RE1,RESCLIM_RUR,S102,2029,0.5
RE1,RESCLIM_RUR,S102,2030,0.5
RE1,RESCLIM_RUR,S102,2031,0.5
RE1,RESCLIM_RUR,S102,2032,0.5
RE1,RESCLIM_RUR,S102,2033,0.5
RE1,RESCLIM_RUR,S102,2034,0.5
RE1,RESCLIM_RUR,S102,2035,0.5
RE1,RESCLIM_RUR,S102,2036,0.5
RE1,RESCLIM_RUR,S102,2037,0.5
RE1,RESCLIM_RUR,S102,2038,0.5
RE1,RESCLIM_RUR,S102,2039,0.5
RE1,RESCLIM_RUR,S102,2040,0.5
RE1,RESCLIM_RUR,S102,2041,0.5
RE1,RESCLIM_RUR,S102,2042,0.5
RE1,RESCLIM_RUR,S102,2043,0.5
RE1,RESCLIM_RUR,S102,2044,0.5
RE1,RESCLIM_RUR,S102,2045,0.5
RE1,RESCLIM_RUR,S102,2046,0.5
RE1,RESCLIM_RUR,S102,2047,0.5
RE1,RESCLIM_RUR,S102,2048,0.5
RE1,RESCLIM_RUR,S102,2049,0.5
RE1,RESCLIM_RUR,S102,2050,0.5
RE1,RESCLIM_RUR,S102,2051,0.5
RE1,RESCLIM_RUR,S102,2052,0.5
RE1,RESCLIM_RUR,S102,2053,0.5
RE1,RESCLIM_RUR,S102,2054,0.5
RE1,RESCLIM_RUR,S102,2055,0.5
RE1,RESCLIM_URB,S101,2022,0.5
RE1,RESCLIM_URB,S101,2023,0.5
RE1,RESCLIM_URB,S101,2024,0.5
RE1,RESCLIM_URB,S101,2025,0.5
RE1,RESCLIM_URB,S101,2026,0.5
RE1,RESCLIM_URB,S101,2027,0.5
RE1,RESCLIM_URB,S101,2028,0.5
RE1,RESCLIM_URB,S101,2029,0.5
RE1,RESCLIM_URB,S101,2030,0.5
RE1,RESCLIM_URB,S101,2031,0.5
RE1,RESCLIM_URB,S101,2032,0.5
RE1,RESCLIM_URB,S101,2033,0.5
RE1,RESCLIM_URB,S101,2034,0.5
RE1,RESCLIM_URB,S101,2035,0.5
RE1,RESCLIM_URB,S101,2036,0.5
RE1,RESCLIM_URB,S101,2037,0.5
RE1,RESCLIM_URB,S101,2038,0.5
RE1,RESCLIM_URB,S101,2039,0.5
RE1,RESCLIM_URB,S101,2040,0.5
RE1,RESCLIM_URB,S101,2041,0.5
RE1,RESCLIM_URB,S101,2042,0.5
RE1,RESCLIM_URB,S101,2043,0.5
RE1,RESCLIM_URB,S101,2044,0.5
RE1,RESCLIM_URB,S101,2045,0.5
RE1,RESCLIM_URB,S101,2046,0.5
RE1,RESCLIM_URB,S101,2047,0.5
RE1,RESCLIM_URB,S101,2048,0.5
RE1,RESCLIM_URB,S101,2049,0.5
RE1,RESCLIM_URB,S101,2050,0.5
RE1,RESCLIM_URB,S101,2051,0.5
RE1,RESCLIM_URB,S101,2052,0.5
RE1,RESCLIM_URB,S101,2053,0.5
RE1,RESCLIM_URB,S101,2054,0.5
RE1,RESCLIM_URB,S101,2055,0.5
RE1,RESCLIM_URB,S102,2022,0.5
RE1,RESCLIM_URB,S102,2023,0.5
RE1,RESCLIM_URB,S102,2024,0.5
RE1,RESCLIM_URB,S102,2025,0.5
RE1,RESCLIM_URB,S102,2026,0.5
RE1,RESCLIM_URB,S102,2027,0.5
RE1,RESCLIM_URB,S102,2028,0.5
RE1,RESCLIM_URB,S102,2029,0.5
RE1,RESCLIM_URB,S102,2030,0.5
RE1,RESCLIM_URB,S102,2031,0.5
RE1,RESCLIM_URB,S102,2032,0.5
RE1,RESCLIM_URB,S102,2033,0.5
RE1,RESCLIM_URB,S102,2034,0.5
RE1,RESCLIM_URB,S102,2035,0.5
RE1,RESCLIM_URB,S102,2036,0.5
RE1,RESCLIM_URB,S102,2037,0.5
RE1,RESCLIM_URB,S102,2038,0.5
RE1,RESCLIM_URB,S102,2039,0.5
RE1,RESCLIM_URB,S102,2040,0.5
RE1,RESCLIM_URB,S102,2041,0.5
RE1,RESCLIM_URB,S102,2042,0.5
RE1,RESCLIM_URB,S102,2043,0.5
RE1,RESCLIM_URB,S102,2044,0.5
RE1,RESCLIM_URB,S102,2045,0.5
RE1,RESCLIM_URB,S102,2046,0.5
RE1,RESCLIM_URB,S102,2047,0.5
RE1,RESCLIM_URB,S102,2048,0.5
RE1,RESCLIM_URB,S102,2049,0.5
RE1,RESCLIM_URB,S102,2050,0.5
RE1,RESCLIM_URB,S102,2051,0.5
RE1,RESCLIM_URB,S102,2052,0.5
RE1,RESCLIM_URB,S102,2053,0.5
RE1,RESCLIM_URB,S102,2054,0.5
RE1,RESCLIM_URB,S102,2055,0.5
RE1,RESDHT_RUR,S101,2022,0.5
RE1,RESDHT_RUR,S101,2023,0.5
RE1,RESDHT_RUR,S101,2024,0.5
RE1,RESDHT_RUR,S101,2025,0.5
RE1,RESDHT_RUR,S101,2026,0.5
RE1,RESDHT_RUR,S101,2027,0.5
RE1,RESDHT_RUR,S101,2028,0.5
RE1,RESDHT_RUR,S101,2029,0.5
RE1,RESDHT_RUR,S101,2030,0.5
RE1,RESDHT_RUR,S101,2031,0.5
RE1,RESDHT_RUR,S101,2032,0.5
RE1,RESDHT_RUR,S101,2033,0.5
RE1,RESDHT_RUR,S101,2034,0.5
RE1,RESDHT_RUR,S101,2035,0.5
RE1,RESDHT_RUR,S101,2036,0.5
RE1,RESDHT_RUR,S101,2037,0.5
RE1,RESDHT_RUR,S101,2038,0.5
RE1,RESDHT_RUR,S101,2039,0.5
RE1,RESDHT_RUR,S101,2040,0.5
RE1,RESDHT_RUR,S101,2041,0.5
RE1,RESDHT_RUR,S101,2042,0.5
RE1,RESDHT_RUR,S101,2043,0.5
RE1,RESDHT_RUR,S101,2044,0.5
RE1,RESDHT_RUR,S101,2045,0.5
RE1,RESDHT_RUR,S101,2046,0.5
RE1,RESDHT_RUR,S101,2047,0.5
RE1,RESDHT_RUR,S101,2048,0.5
RE1,RESDHT_RUR,S101,2049,0.5
RE1,RESDHT_RUR,S101,2050,0.5
RE1,RESDHT_RUR,S101,2051,0.5
RE1,RESDHT_RUR,S101,2052,0.5
RE1,RESDHT_RUR,S101,2053,0.5
RE1,RESDHT_RUR,S101,2054,0.5
RE1,RESDHT_RUR,S101,2055,0.5
RE1,RESDHT_RUR,S102,2022,0.5
RE1,RESDHT_RUR,S102,2023,0.5
RE1,RESDHT_RUR,S102,2024,0.5
RE1,RESDHT_RUR,S102,2025,0.5
RE1,RESDHT_RUR,S102,2026,0.5
RE1,RESDHT_RUR,S102,2027,0.5
RE1,RESDHT_RUR,S102,2028,0.5
RE1,RESDHT_RUR,S102,2029,0.5
RE1,RESDHT_RUR,S102,2030,0.5
RE1,RESDHT_RUR,S102,2031,0.5
RE1,RESDHT_RUR,S102,2032,0.5
RE1,RESDHT_RUR,S102,2033,0.5
RE1,RESDHT_RUR,S102,2034,0.5
RE1,RESDHT_RUR,S102,2035,0.5
RE1,RESDHT_RUR,S102,2036,0.5
RE1,RESDHT_RUR,S102,2037,0.5
RE1,RESDHT_RUR,S102,2038,0.5
RE1,RESDHT_RUR,S102,2039,0.5
RE1,RESDHT_RUR,S102,2040,0.5
RE1,RESDHT_RUR,S102,2041,0.5
RE1,RESDHT_RUR,S102,2042,0.5
RE1,RESDHT_RUR,S102,2043,0.5
RE1,RESDHT_RUR,S102,2044,0.5
RE1,RESDHT_RUR,S102,2045,0.5
RE1,RESDHT_RUR,S102,2046,0.5
RE1,RESDHT_RUR,S102,2047,0.5
RE1,RESDHT_RUR,S102,2048,0.5
RE1,RESDHT_RUR,S102,2049,0.5
RE1,RESDHT_RUR,S102,2050,0.5
RE1,RESDHT_RUR,S102,2051,0.5
RE1,RESDHT_RUR,S102,2052,0.5
RE1,RESDHT_RUR,S102,2053,0.5
RE1,RESDHT_RUR,S102,2054,0.5
RE1,RESDHT_RUR,S102,2055,0.5
RE1,RESDHT_URB,S101,2022,0.5
RE1,RESDHT_URB,S101,2023,0.5
RE1,RESDHT_URB,S101,2024,0.5
RE1,RESDHT_URB,S101,2025,0.5
RE1,RESDHT_URB,S101,2026,0.5
RE1,RESDHT_URB,S101,2027,0.5
RE1,RESDHT_URB,S101,2028,0.5
RE1,RESDHT_URB,S101,2029,0.5
RE1,RESDHT_URB,S101,2030,0.5
RE1,RESDHT_URB,S101,2031,0.5
RE1,RESDHT_URB,S101,2032,0.5
RE1,RESDHT_URB,S101,2033,0.5
RE1,RESDHT_URB,S101,2034,0.5
RE1,RESDHT_URB,S101,2035,0.5
RE1,RESDHT_URB,S101,2036,0.5
RE1,RESDHT_URB,S101,2037,0.5
RE1,RESDHT_URB,S101,2038,0.5
RE1,RESDHT_URB,S101,2039,0.5
RE1,RESDHT_URB,S101,2040,0.5
RE1,RESDHT_URB,S101,2041,0.5
RE1,RESDHT_URB,S101,2042,0.5
RE1,RESDHT_URB,S101,2043,0.5
RE1,RESDHT_URB,S101,2044,0.5
RE1,RESDHT_URB,S101,2045,0.5
RE1,RESDHT_URB,S101,2046,0.5
RE1,RESDHT_URB,S101,2047,0.5
RE1,RESDHT_URB,S101,2048,0.5
RE1,RESDHT_URB,S101,2049,0.5
RE1,RESDHT_URB,S101,2050,0.5
RE1,RESDHT_URB,S101,2051,0.5
RE1,RESDHT_URB,S101,2052,0.5
RE1,RESDHT_URB,S101,2053,0.5
RE1,RESDHT_URB,S101,2054,0.5
RE1,RESDHT_URB,S101,2055,0.5
RE1,RESDHT_URB,S102,2022,0.5
RE1,RESDHT_URB,S102,2023,0.5
RE1,RESDHT_URB,S102,2024,0.5
RE1,RESDHT_URB,S102,2025,0.5
RE1,RESDHT_URB,S102,2026,0.5
RE1,RESDHT_URB,S102,2027,0.5
RE1,RESDHT_URB,S102,2028,0.5
RE1,RESDHT_URB,S102,2029,0.5
RE1,RESDHT_URB,S102,2030,0.5
RE1,RESDHT_URB,S102,2031,0.5
RE1,RESDHT_URB,S102,2032,0.5
RE1,RESDHT_URB,S102,2033,0.5
RE1,RESDHT_URB,S102,2034,0.5
RE1,RESDHT_URB,S102,2035,0.5
RE1,RESDHT_URB,S102,2036,0.5
RE1,RESDHT_URB,S102,2037,0.5
RE1,RESDHT_URB,S102,2038,0.5
RE1,RESDHT_URB,S102,2039,0.5
RE1,RESDHT_URB,S102,2040,0.5
RE1,RESDHT_URB,S102,2041,0.5
RE1,RESDHT_URB,S102,2042,0.5
RE1,RESDHT_URB,S102,2043,0.5
RE1,RESDHT_URB,S102,2044,0.5
RE1,RESDHT_URB,S102,2045,0.5
RE1,RESDHT_URB,S102,2046,0.5
RE1,RESDHT_URB,S102,2047,0.5
RE1,RESDHT_URB,S102,2048,0.5
RE1,RESDHT_URB,S102,2049,0.5
RE1,RESDHT_URB,S102,2050,0.5
RE1,RESDHT_URB,S102,2051,0.5
RE1,RESDHT_URB,S102,2052,0.5
RE1,RESDHT_URB,S102,2053,0.5
RE1,RESDHT_URB,S102,2054,0.5
RE1,RESDHT_URB,S102,2055,0.5
RE1,RESDHT_ZNI,S101,2022,0.5
RE1,RESDHT_ZNI,S101,2023,0.5
RE1,RESDHT_ZNI,S101,2024,0.5
RE1,RESDHT_ZNI,S101,2025,0.5
RE1,RESDHT_ZNI,S101,2026,0.5
RE1,RESDHT_ZNI,S101,2027,0.5
RE1,RESDHT_ZNI,S101,2028,0.5
RE1,RESDHT_ZNI,S101,2029,0.5
RE1,RESDHT_ZNI,S101,2030,0.5
RE1,RESDHT_ZNI,S101,2031,0.5
RE1,RESDHT_ZNI,S101,2032,0.5
RE1,RESDHT_ZNI,S101,2033,0.5
RE1,RESDHT_ZNI,S101,2034,0.5
RE1,RESDHT_ZNI,S101,2035,0.5
RE1,RESDHT_ZNI,S101,2036,0.5
RE1,RESDHT_ZNI,S101,2037,0.5
RE1,RESDHT_ZNI,S101,2038,0.5
RE1,RESDHT_ZNI,S101,2039,0.5
RE1,RESDHT_ZNI,S101,2040,0.5
RE1,RESDHT_ZNI,S101,2041,0.5
RE1,RESDHT_ZNI,S101,2042,0.5
RE1,RESDHT_ZNI,S101,2043,0.5
RE1,RESDHT_ZNI,S101,2044,0.5
RE1,RESDHT_ZNI,S101,2045,0.5
RE1,RESDHT_ZNI,S101,2046,0.5
RE1,RESDHT_ZNI,S101,2047,0.5
RE1,RESDHT_ZNI,S101,2048,0.5
RE1,RESDHT_ZNI,S101,2049,0.5
RE1,RESDHT_ZNI,S101,2050,0.5
RE1,RESDHT_ZNI,S101,2051,0.5
RE1,RESDHT_ZNI,S101,2052,0.5
RE1,RESDHT_ZNI,S101,2053,0.5
RE1,RESDHT_ZNI,S101,2054,0.5
RE1,RESDHT_ZNI,S101,2055,0.5
RE1,RESDHT_ZNI,S102,2022,0.5
RE1,RESDHT_ZNI,S102,2023,0.5
RE1,RESDHT_ZNI,S102,2024,0.5
RE1,RESDHT_ZNI,S102,2025,0.5
RE1,RESDHT_ZNI,S102,2026,0.5
RE1,RESDHT_ZNI,S102,2027,0.5
RE1,RESDHT_ZNI,S102,2028,0.5
RE1,RESDHT_ZNI,S102,2029,0.5
RE1,RESDHT_ZNI,S102,2030,0.5
RE1,RESDHT_ZNI,S102,2031,0.5
RE1,RESDHT_ZNI,S102,2032,0.5
RE1,RESDHT_ZNI,S102,2033,0.5
RE1,RESDHT_ZNI,S102,2034,0.5
RE1,RESDHT_ZNI,S102,2035,0.5
RE1,RESDHT_ZNI,S102,2036,0.5
RE1,RESDHT_ZNI,S102,2037,0.5
RE1,RESDHT_ZNI,S102,2038,0.5
RE1,RESDHT_ZNI,S102,2039,0.5
RE1,RESDHT_ZNI,S102,2040,0.5
RE1,RESDHT_ZNI,S102,2041,0.5
RE1,RESDHT_ZNI,S102,2042,0.5
RE1,RESDHT_ZNI,S102,2043,0.5
RE1,RESDHT_ZNI,S102,2044,0.5
RE1,RESDHT_ZNI,S102,2045,0.5
RE1,RESDHT_ZNI,S102,2046,0.5
RE1,RESDHT_ZNI,S102,2047,0.5
RE1,RESDHT_ZNI,S102,2048,0.5
RE1,RESDHT_ZNI,S102,2049,0.5
RE1,RESDHT_ZNI,S102,2050,0.5
RE1,RESDHT_ZNI,S102,2051,0.5
RE1,RESDHT_ZNI,S102,2052,0.5
RE1,RESDHT_ZNI,S102,2053,0.5
RE1,RESDHT_ZNI,S102,2054,0.5
RE1,RESDHT_ZNI,S102,2055,0.5
RE1,RESELC_ZNI,S101,2022,0.5
RE1,RESELC_ZNI,S101,2023,0.5
RE1,RESELC_ZNI,S101,2024,0.5
RE1,RESELC_ZNI,S101,2025,0.5
RE1,RESELC_ZNI,S101,2026,0.5
RE1,RESELC_ZNI,S101,2027,0.5
RE1,RESELC_ZNI,S101,2028,0.5
RE1,RESELC_ZNI,S101,2029,0.5
RE1,RESELC_ZNI,S101,2030,0.5
RE1,RESELC_ZNI,S101,2031,0.5
RE1,RESELC_ZNI,S101,2032,0.5
RE1,RESELC_ZNI,S101,2033,0.5
RE1,RESELC_ZNI,S101,2034,0.5
RE1,RESELC_ZNI,S101,2035,0.5
RE1,RESELC_ZNI,S101,2036,0.5
RE1,RESELC_ZNI,S101,2037,0.5
RE1,RESELC_ZNI,S101,2038,0.5
RE1,RESELC_ZNI,S101,2039,0.5
RE1,RESELC_ZNI,S101,2040,0.5
RE1,RESELC_ZNI,S101,2041,0.5
RE1,RESELC_ZNI,S101,2042,0.5
RE1,RESELC_ZNI,S101,2043,0.5
RE1,RESELC_ZNI,S101,2044,0.5
RE1,RESELC_ZNI,S101,2045,0.5
RE1,RESELC_ZNI,S101,2046,0.5
RE1,RESELC_ZNI,S101,2047,0.5
RE1,RESELC_ZNI,S101,2048,0.5
RE1,RESELC_ZNI,S101,2049,0.5
RE1,RESELC_ZNI,S101,2050,0.5
RE1,RESELC_ZNI,S101,2051,0.5
RE1,RESELC_ZNI,S101,2052,0.5
RE1,RESELC_ZNI,S101,2053,0.5
RE1,RESELC_ZNI,S101,2054,0.5
RE1,RESELC_ZNI,S101,2055,0.5
RE1,RESELC_ZNI,S102,2022,0.5
RE1,RESELC_ZNI,S102,2023,0.5
RE1,RESELC_ZNI,S102,2024,0.5
RE1,RESELC_ZNI,S102,2025,0.5
RE1,RESELC_ZNI,S102,2026,0.5
RE1,RESELC_ZNI,S102,2027,0.5
RE1,RESELC_ZNI,S102,2028,0.5
RE1,RESELC_ZNI,S102,2029,0.5
RE1,RESELC_ZNI,S102,2030,0.5
RE1,RESELC_ZNI,S102,2031,0.5
RE1,RESELC_ZNI,S102,2032,0.5
RE1,RESELC_ZNI,S102,2033,0.5
RE1,RESELC_ZNI,S102,2034,0.5
RE1,RESELC_ZNI,S102,2035,0.5
RE1,RESELC_ZNI,S102,2036,0.5
RE1,RESELC_ZNI,S102,2037,0.5
RE1,RESELC_ZNI,S102,2038,0.5
RE1,RESELC_ZNI,S102,2039,0.5
RE1,RESELC_ZNI,S102,2040,0.5
RE1,RESELC_ZNI,S102,2041,0.5
RE1,RESELC_ZNI,S102,2042,0.5
RE1,RESELC_ZNI,S102,2043,0.5
RE1,RESELC_ZNI,S102,2044,0.5
RE1,RESELC_ZNI,S102,2045,0.5
RE1,RESELC_ZNI,S102,2046,0.5
RE1,RESELC_ZNI,S102,2047,0.5
RE1,RESELC_ZNI,S102,2048,0.5
RE1,RESELC_ZNI,S102,2049,0.5
RE1,RESELC_ZNI,S102,2050,0.5
RE1,RESELC_ZNI,S102,2051,0.5
RE1,RESELC_ZNI,S102,2052,0.5
RE1,RESELC_ZNI,S102,2053,0.5
RE1,RESELC_ZNI,S102,2054,0.5
RE1,RESELC_ZNI,S102,2055,0.5
RE1,RESILU_RUR,S101,2022,0.5
RE1,RESILU_RUR,S101,2023,0.5
RE1,RESILU_RUR,S101,2024,0.5
RE1,RESILU_RUR,S101,2025,0.5
RE1,RESILU_RUR,S101,2026,0.5
RE1,RESILU_RUR,S101,2027,0.5
RE1,RESILU_RUR,S101,2028,0.5
RE1,RESILU_RUR,S101,2029,0.5
RE1,RESILU_RUR,S101,2030,0.5
RE1,RESILU_RUR,S101,2031,0.5
RE1,RESILU_RUR,S101,2032,0.5
RE1,RESILU_RUR,S101,2033,0.5
RE1,RESILU_RUR,S101,2034,0.5
RE1,RESILU_RUR,S101,2035,0.5
RE1,RESILU_RUR,S101,2036,0.5
RE1,RESILU_RUR,S101,2037,0.5
RE1,RESILU_RUR,S101,2038,0.5
RE1,RESILU_RUR,S101,2039,0.5
RE1,RESILU_RUR,S101,2040,0.5
RE1,RESILU_RUR,S101,2041,0.5
RE1,RESILU_RUR,S101,2042,0.5
RE1,RESILU_RUR,S101,2043,0.5
RE1,RESILU_RUR,S101,2044,0.5
RE1,RESILU_RUR,S101,2045,0.5
RE1,RESILU_RUR,S101,2046,0.5
RE1,RESILU_RUR,S101,2047,0.5
RE1,RESILU_RUR,S101,2048,0.5
RE1,RESILU_RUR,S101,2049,0.5
RE1,RESILU_RUR,S101,2050,0.5
RE1,RESILU_RUR,S101,2051,0.5
RE1,RESILU_RUR,S101,2052,0.5
RE1,RESILU_RUR,S101,2053,0.5
RE1,RESILU_RUR,S101,2054,0.5
RE1,RESILU_RUR,S101,2055,0.5
RE1,RESILU_RUR,S102,2022,0.5
RE1,RESILU_RUR,S102,2023,0.5
RE1,RESILU_RUR,S102,2024,0.5
RE1,RESILU_RUR,S102,2025,0.5
RE1,RESILU_RUR,S102,2026,0.5
RE1,RESILU_RUR,S102,2027,0.5
RE1,RESILU_RUR,S102,2028,0.5
RE1,RESILU_RUR,S102,2029,0.5
RE1,RESILU_RUR,S102,2030,0.5
RE1,RESILU_RUR,S102,2031,0.5
RE1,RESILU_RUR,S102,2032,0.5
RE1,RESILU_RUR,S102,2033,0.5
RE1,RESILU_RUR,S102,2034,0.5
RE1,RESILU_RUR,S102,2035,0.5
RE1,RESILU_RUR,S102,2036,0.5
RE1,RESILU_RUR,S102,2037,0.5
RE1,RESILU_RUR,S102,2038,0.5
RE1,RESILU_RUR,S102,2039,0.5
RE1,RESILU_RUR,S102,2040,0.5
RE1,RESILU_RUR,S102,2041,0.5
RE1,RESILU_RUR,S102,2042,0.5
RE1,RESILU_RUR,S102,2043,0.5
RE1,RESILU_RUR,S102,2044,0.5
RE1,RESILU_RUR,S102,2045,0.5
RE1,RESILU_RUR,S102,2046,0.5
RE1,RESILU_RUR,S102,2047,0.5
RE1,RESILU_RUR,S102,2048,0.5
RE1,RESILU_RUR,S102,2049,0.5
RE1,RESILU_RUR,S102,2050,0.5
RE1,RESILU_RUR,S102,2051,0.5
RE1,RESILU_RUR,S102,2052,0.5
RE1,RESILU_RUR,S102,2053,0.5
RE1,RESILU_RUR,S102,2054,0.5
RE1,RESILU_RUR,S102,2055,0.5
RE1,RESILU_URB,S101,2022,0.5
RE1,RESILU_URB,S101,2023,0.5
RE1,RESILU_URB,S101,2024,0.5
RE1,RESILU_URB,S101,2025,0.5
RE1,RESILU_URB,S101,2026,0.5
RE1,RESILU_URB,S101,2027,0.5
RE1,RESILU_URB,S101,2028,0.5
RE1,RESILU_URB,S101,2029,0.5
RE1,RESILU_URB,S101,2030,0.5
RE1,RESILU_URB,S101,2031,0.5
RE1,RESILU_URB,S101,2032,0.5
RE1,RESILU_URB,S101,2033,0.5
RE1,RESILU_URB,S101,2034,0.5
RE1,RESILU_URB,S101,2035,0.5
RE1,RESILU_URB,S101,2036,0.5
RE1,RESILU_URB,S101,2037,0.5
RE1,RESILU_URB,S101,2038,0.5
RE1,RESILU_URB,S101,2039,0.5
RE1,RESILU_URB,S101,2040,0.5
RE1,RESILU_URB,S101,2041,0.5
RE1,RESILU_URB,S101,2042,0.5
RE1,RESILU_URB,S101,2043,0.5
RE1,RESILU_URB,S101,2044,0.5
RE1,RESILU_URB,S101,2045,0.5
RE1,RESILU_URB,S101,2046,0.5
RE1,RESILU_URB,S101,2047,0.5
RE1,RESILU_URB,S101,2048,0.5
RE1,RESILU_URB,S101,2049,0.5
RE1,RESILU_URB,S101,2050,0.5
RE1,RESILU_URB,S101,2051,0.5
RE1,RESILU_URB,S101,2052,0.5
RE1,RESILU_URB,S101,2053,0.5
RE1,RESILU_URB,S101,2054,0.5
RE1,RESILU_URB,S101,2055,0.5
RE1,RESILU_URB,S102,2022,0.5
RE1,RESILU_URB,S102,2023,0.5
RE1,RESILU_URB,S102,2024,0.5
RE1,RESILU_URB,S102,2025,0.5
RE1,RESILU_URB,S102,2026,0.5
RE1,RESILU_URB,S102,2027,0.5
RE1,RESILU_URB,S102,2028,0.5
RE1,RESILU_URB,S102,2029,0.5
RE1,RESILU_URB,S102,2030,0.5
RE1,RESILU_URB,S102,2031,0.5
RE1,RESILU_URB,S102,2032,0.5
RE1,RESILU_URB,S102,2033,0.5
RE1,RESILU_URB,S102,2034,0.5
RE1,RESILU_URB,S102,2035,0.5
RE1,RESILU_URB,S102,2036,0.5
RE1,RESILU_URB,S102,2037,0.5
RE1,RESILU_URB,S102,2038,0.5
RE1,RESILU_URB,S102,2039,0.5
RE1,RESILU_URB,S102,2040,0.5
RE1,RESILU_URB,S102,2041,0.5
RE1,RESILU_URB,S102,2042,0.5
RE1,RESILU_URB,S102,2043,0.5
RE1,RESILU_URB,S102,2044,0.5
RE1,RESILU_URB,S102,2045,0.5
RE1,RESILU_URB,S102,2046,0.5
RE1,RESILU_URB,S102,2047,0.5
RE1,RESILU_URB,S102,2048,0.5
RE1,RESILU_URB,S102,2049,0.5
RE1,RESILU_URB,S102,2050,0.5
RE1,RESILU_URB,S102,2051,0.5
RE1,RESILU_URB,S102,2052,0.5
RE1,RESILU_URB,S102,2053,0.5
RE1,RESILU_URB,S102,2054,0.5
RE1,RESILU_URB,S102,2055,0.5
RE1,RESOTH_RUR,S101,2022,0.5
RE1,RESOTH_RUR,S101,2023,0.5
RE1,RESOTH_RUR,S101,2024,0.5
RE1,RESOTH_RUR,S101,2025,0.5
RE1,RESOTH_RUR,S101,2026,0.5
RE1,RESOTH_RUR,S101,2027,0.5
RE1,RESOTH_RUR,S101,2028,0.5
RE1,RESOTH_RUR,S101,2029,0.5
RE1,RESOTH_RUR,S101,2030,0.5
RE1,RESOTH_RUR,S101,2031,0.5
RE1,RESOTH_RUR,S101,2032,0.5
RE1,RESOTH_RUR,S101,2033,0.5
RE1,RESOTH_RUR,S101,2034,0.5
RE1,RESOTH_RUR,S101,2035,0.5
RE1,RESOTH_RUR,S101,2036,0.5
RE1,RESOTH_RUR,S101,2037,0.5
RE1,RESOTH_RUR,S101,2038,0.5
RE1,RESOTH_RUR,S101,2039,0.5
RE1,RESOTH_RUR,S101,2040,0.5
RE1,RESOTH_RUR,S101,2041,0.5
RE1,RESOTH_RUR,S101,2042,0.5
RE1,RESOTH_RUR,S101,2043,0.5
RE1,RESOTH_RUR,S101,2044,0.5
RE1,RESOTH_RUR,S101,2045,0.5
RE1,RESOTH_RUR,S101,2046,0.5
RE1,RESOTH_RUR,S101,2047,0.5
RE1,RESOTH_RUR,S101,2048,0.5
RE1,RESOTH_RUR,S101,2049,0.5
RE1,RESOTH_RUR,S101,2050,0.5
RE1,RESOTH_RUR,S101,2051,0.5
RE1,RESOTH_RUR,S101,2052,0.5
RE1,RESOTH_RUR,S101,2053,0.5
RE1,RESOTH_RUR,S101,2054,0.5
RE1,RESOTH_RUR,S101,2055,0.5
RE1,RESOTH_RUR,S102,2022,0.5
RE1,RESOTH_RUR,S102,2023,0.5
RE1,RESOTH_RUR,S102,2024,0.5
RE1,RESOTH_RUR,S102,2025,0.5
RE1,RESOTH_RUR,S102,2026,0.5
RE1,RESOTH_RUR,S102,2027,0.5
RE1,RESOTH_RUR,S102,2028,0.5
RE1,RESOTH_RUR,S102,2029,0.5
RE1,RESOTH_RUR,S102,2030,0.5
RE1,RESOTH_RUR,S102,2031,0.5
RE1,RESOTH_RUR,S102,2032,0.5
RE1,RESOTH_RUR,S102,2033,0.5
RE1,RESOTH_RUR,S102,2034,0.5
RE1,RESOTH_RUR,S102,2035,0.5
RE1,RESOTH_RUR,S102,2036,0.5
RE1,RESOTH_RUR,S102,2037,0.5
RE1,RESOTH_RUR,S102,2038,0.5
RE1,RESOTH_RUR,S102,2039,0.5
RE1,RESOTH_RUR,S102,2040,0.5
RE1,RESOTH_RUR,S102,2041,0.5
RE1,RESOTH_RUR,S102,2042,0.5
RE1,RESOTH_RUR,S102,2043,0.5
RE1,RESOTH_RUR,S102,2044,0.5
RE1,RESOTH_RUR,S102,2045,0.5
RE1,RESOTH_RUR,S102,2046,0.5
RE1,RESOTH_RUR,S102,2047,0.5
RE1,RESOTH_RUR,S102,2048,0.5
RE1,RESOTH_RUR,S102,2049,0.5
RE1,RESOTH_RUR,S102,2050,0.5
RE1,RESOTH_RUR,S102,2051,0.5
RE1,RESOTH_RUR,S102,2052,0.5
RE1,RESOTH_RUR,S102,2053,0.5
RE1,RESOTH_RUR,S102,2054,0.5
RE1,RESOTH_RUR,S102,2055,0.5
RE1,RESOTH_URB,S101,2022,0.5
RE1,RESOTH_URB,S101,2023,0.5
RE1,RESOTH_URB,S101,2024,0.5
RE1,RESOTH_URB,S101,2025,0.5
RE1,RESOTH_URB,S101,2026,0.5
RE1,RESOTH_URB,S101,2027,0.5
RE1,RESOTH_URB,S101,2028,0.5
RE1,RESOTH_URB,S101,2029,0.5
RE1,RESOTH_URB,S101,2030,0.5
RE1,RESOTH_URB,S101,2031,0.5
RE1,RESOTH_URB,S101,2032,0.5
RE1,RESOTH_URB,S101,2033,0.5
RE1,RESOTH_URB,S101,2034,0.5
RE1,RESOTH_URB,S101,2035,0.5
RE1,RESOTH_URB,S101,2036,0.5
RE1,RESOTH_URB,S101,2037,0.5
RE1,RESOTH_URB,S101,2038,0.5
RE1,RESOTH_URB,S101,2039,0.5
RE1,RESOTH_URB,S101,2040,0.5
RE1,RESOTH_URB,S101,2041,0.5
RE1,RESOTH_URB,S101,2042,0.5
RE1,RESOTH_URB,S101,2043,0.5
RE1,RESOTH_URB,S101,2044,0.5
RE1,RESOTH_URB,S101,2045,0.5
RE1,RESOTH_URB,S101,2046,0.5
RE1,RESOTH_URB,S101,2047,0.5
RE1,RESOTH_URB,S101,2048,0.5
RE1,RESOTH_URB,S101,2049,0.5
RE1,RESOTH_URB,S101,2050,0.5
RE1,RESOTH_URB,S101,2051,0.5
RE1,RESOTH_URB,S101,2052,0.5
RE1,RESOTH_URB,S101,2053,0.5
RE1,RESOTH_URB,S101,2054,0.5
RE1,RESOTH_URB,S101,2055,0.5
RE1,RESOTH_URB,S102,2022,0.5
RE1,RESOTH_URB,S102,2023,0.5
RE1,RESOTH_URB,S102,2024,0.5
RE1,RESOTH_URB,S102,2025,0.5
RE1,RESOTH_URB,S102,2026,0.5
RE1,RESOTH_URB,S102,2027,0.5
RE1,RESOTH_URB,S102,2028,0.5
RE1,RESOTH_URB,S102,2029,0.5
RE1,RESOTH_URB,S102,2030,0.5
RE1,RESOTH_URB,S102,2031,0.5
RE1,RESOTH_URB,S102,2032,0.5
RE1,RESOTH_URB,S102,2033,0.5
RE1,RESOTH_URB,S102,2034,0.5
RE1,RESOTH_URB,S102,2035,0.5
RE1,RESOTH_URB,S102,2036,0.5
RE1,RESOTH_URB,S102,2037,0.5
RE1,RESOTH_URB,S102,2038,0.5
RE1,RESOTH_URB,S102,2039,0.5
RE1,RESOTH_URB,S102,2040,0.5
RE1,RESOTH_URB,S102,2041,0.5
RE1,RESOTH_URB,S102,2042,0.5
RE1,RESOTH_URB,S102,2043,0.5
RE1,RESOTH_URB,S102,2044,0.5
RE1,RESOTH_URB,S102,2045,0.5
RE1,RESOTH_URB,S102,2046,0.5
RE1,RESOTH_URB,S102,2047,0.5
RE1,RESOTH_URB,S102,2048,0.5
RE1,RESOTH_URB,S102,2049,0.5
RE1,RESOTH_URB,S102,2050,0.5
RE1,RESOTH_URB,S102,2051,0.5
RE1,RESOTH_URB,S102,2052,0.5
RE1,RESOTH_URB,S102,2053,0.5
RE1,RESOTH_URB,S102,2054,0.5
RE1,RESOTH_URB,S102,2055,0.5
RE1,RESREF_RUR,S101,2022,0.5
RE1,RESREF_RUR,S101,2023,0.5
RE1,RESREF_RUR,S101,2024,0.5
RE1,RESREF_RUR,S101,2025,0.5
RE1,RESREF_RUR,S101,2026,0.5
RE1,RESREF_RUR,S101,2027,0.5
RE1,RESREF_RUR,S101,2028,0.5
RE1,RESREF_RUR,S101,2029,0.5
RE1,RESREF_RUR,S101,2030,0.5
RE1,RESREF_RUR,S101,2031,0.5
RE1,RESREF_RUR,S101,2032,0.5
RE1,RESREF_RUR,S101,2033,0.5
RE1,RESREF_RUR,S101,2034,0.5
RE1,RESREF_RUR,S101,2035,0.5
RE1,RESREF_RUR,S101,2036,0.5
RE1,RESREF_RUR,S101,2037,0.5
RE1,RESREF_RUR,S101,2038,0.5
RE1,RESREF_RUR,S101,2039,0.5
RE1,RESREF_RUR,S101,2040,0.5
RE1,RESREF_RUR,S101,2041,0.5
RE1,RESREF_RUR,S101,2042,0.5
RE1,RESREF_RUR,S101,2043,0.5
RE1,RESREF_RUR,S101,2044,0.5
RE1,RESREF_RUR,S101,2045,0.5
RE1,RESREF_RUR,S101,2046,0.5
RE1,RESREF_RUR,S101,2047,0.5
RE1,RESREF_RUR,S101,2048,0.5
RE1,RESREF_RUR,S101,2049,0.5
RE1,RESREF_RUR,S101,2050,0.5
RE1,RESREF_RUR,S101,2051,0.5
RE1,RESREF_RUR,S101,2052,0.5
RE1,RESREF_RUR,S101,2053,0.5
RE1,RESREF_RUR,S101,2054,0.5
RE1,RESREF_RUR,S101,2055,0.5
RE1,RESREF_RUR,S102,2022,0.5
RE1,RESREF_RUR,S102,2023,0.5
RE1,RESREF_RUR,S102,2024,0.5
RE1,RESREF_RUR,S102,2025,0.5
RE1,RESREF_RUR,S102,2026,0.5
RE1,RESREF_RUR,S102,2027,0.5
RE1,RESREF_RUR,S102,2028,0.5
RE1,RESREF_RUR,S102,2029,0.5
RE1,RESREF_RUR,S102,2030,0.5
RE1,RESREF_RUR,S102,2031,0.5
RE1,RESREF_RUR,S102,2032,0.5
RE1,RESREF_RUR,S102,2033,0.5
RE1,RESREF_RUR,S102,2034,0.5
RE1,RESREF_RUR,S102,2035,0.5
RE1,RESREF_RUR,S102,2036,0.5
RE1,RESREF_RUR,S102,2037,0.5
RE1,RESREF_RUR,S102,2038,0.5
RE1,RESREF_RUR,S102,2039,0.5
RE1,RESREF_RUR,S102,2040,0.5
RE1,RESREF_RUR,S102,2041,0.5
RE1,RESREF_RUR,S102,2042,0.5
RE1,RESREF_RUR,S102,2043,0.5
RE1,RESREF_RUR,S102,2044,0.5
RE1,RESREF_RUR,S102,2045,0.5
RE1,RESREF_RUR,S102,2046,0.5
RE1,RESREF_RUR,S102,2047,0.5
RE1,RESREF_RUR,S102,2048,0.5
RE1,RESREF_RUR,S102,2049,0.5
RE1,RESREF_RUR,S102,2050,0.5
RE1,RESREF_RUR,S102,2051,0.5
RE1,RESREF_RUR,S102,2052,0.5
RE1,RESREF_RUR,S102,2053,0.5
RE1,RESREF_RUR,S102,2054,0.5
RE1,RESREF_RUR,S102,2055,0.5
RE1,RESREF_URB,S101,2022,0.5
RE1,RESREF_URB,S101,2023,0.5
RE1,RESREF_URB,S101,2024,0.5
RE1,RESREF_URB,S101,2025,0.5
RE1,RESREF_URB,S101,2026,0.5
RE1,RESREF_URB,S101,2027,0.5
RE1,RESREF_URB,S101,2028,0.5
RE1,RESREF_URB,S101,2029,0.5
RE1,RESREF_URB,S101,2030,0.5
RE1,RESREF_URB,S101,2031,0.5
RE1,RESREF_URB,S101,2032,0.5
RE1,RESREF_URB,S101,2033,0.5
RE1,RESREF_URB,S101,2034,0.5
RE1,RESREF_URB,S101,2035,0.5
RE1,RESREF_URB,S101,2036,0.5
RE1,RESREF_URB,S101,2037,0.5
RE1,RESREF_URB,S101,2038,0.5
RE1,RESREF_URB,S101,2039,0.5
RE1,RESREF_URB,S101,2040,0.5
RE1,RESREF_URB,S101,2041,0.5
RE1,RESREF_URB,S101,2042,0.5
RE1,RESREF_URB,S101,2043,0.5
RE1,RESREF_URB,S101,2044,0.5
RE1,RESREF_URB,S101,2045,0.5
RE1,RESREF_URB,S101,2046,0.5
RE1,RESREF_URB,S101,2047,0.5
RE1,RESREF_URB,S101,2048,0.5
RE1,RESREF_URB,S101,2049,0.5
RE1,RESREF_URB,S101,2050,0.5
RE1,RESREF_URB,S101,2051,0.5
RE1,RESREF_URB,S101,2052,0.5
RE1,RESREF_URB,S101,2053,0.5
RE1,RESREF_URB,S101,2054,0.5
RE1,RESREF_URB,S101,2055,0.5
RE1,RESREF_URB,S102,2022,0.5
RE1,RESREF_URB,S102,2023,0.5
RE1,RESREF_URB,S102,2024,0.5
RE1,RESREF_URB,S102,2025,0.5
RE1,RESREF_URB,S102,2026,0.5
RE1,RESREF_URB,S102,2027,0.5
RE1,RESREF_URB,S102,2028,0.5
RE1,RESREF_URB,S102,2029,0.5
RE1,RESREF_URB,S102,2030,0.5
RE1,RESREF_URB,S102,2031,0.5
RE1,RESREF_URB,S102,2032,0.5
RE1,RESREF_URB,S102,2033,0.5
RE1,RESREF_URB,S102,2034,0.5
RE1,RESREF_URB,S102,2035,0.5
RE1,RESREF_URB,S102,2036,0.5
RE1,RESREF_URB,S102,2037,0.5
RE1,RESREF_URB,S102,2038,0.5
RE1,RESREF_URB,S102,2039,0.5
RE1,RESREF_URB,S102,2040,0.5
RE1,RESREF_URB,S102,2041,0.5
RE1,RESREF_URB,S102,2042,0.5
RE1,RESREF_URB,S102,2043,0.5
RE1,RESREF_URB,S102,2044,0.5
RE1,RESREF_URB,S102,2045,0.5
RE1,RESREF_URB,S102,2046,0.5
RE1,RESREF_URB,S102,2047,0.5
RE1,RESREF_URB,S102,2048,0.5
RE1,RESREF_URB,S102,2049,0.5
RE1,RESREF_URB,S102,2050,0.5
RE1,RESREF_URB,S102,2051,0.5
RE1,RESREF_URB,S102,2052,0.5
RE1,RESREF_URB,S102,2053,0.5
RE1,RESREF_URB,S102,2054,0.5
RE1,RESREF_URB,S102,2055,0.5
RE1,RESTV_RUR,S101,2022,0.5
RE1,RESTV_RUR,S101,2023,0.5
RE1,RESTV_RUR,S101,2024,0.5
RE1,RESTV_RUR,S101,2025,0.5
RE1,RESTV_RUR,S101,2026,0.5
RE1,RESTV_RUR,S101,2027,0.5
RE1,RESTV_RUR,S101,2028,0.5
RE1,RESTV_RUR,S101,2029,0.5
RE1,RESTV_RUR,S101,2030,0.5
RE1,RESTV_RUR,S101,2031,0.5
RE1,RESTV_RUR,S101,2032,0.5
RE1,RESTV_RUR,S101,2033,0.5
RE1,RESTV_RUR,S101,2034,0.5
RE1,RESTV_RUR,S101,2035,0.5
RE1,RESTV_RUR,S101,2036,0.5
RE1,RESTV_RUR,S101,2037,0.5
RE1,RESTV_RUR,S101,2038,0.5
RE1,RESTV_RUR,S101,2039,0.5
RE1,RESTV_RUR,S101,2040,0.5
RE1,RESTV_RUR,S101,2041,0.5
RE1,RESTV_RUR,S101,2042,0.5
RE1,RESTV_RUR,S101,2043,0.5
RE1,RESTV_RUR,S101,2044,0.5
RE1,RESTV_RUR,S101,2045,0.5
RE1,RESTV_RUR,S101,2046,0.5
RE1,RESTV_RUR,S101,2047,0.5
RE1,RESTV_RUR,S101,2048,0.5
RE1,RESTV_RUR,S101,2049,0.5
RE1,RESTV_RUR,S101,2050,0.5
RE1,RESTV_RUR,S101,2051,0.5
RE1,RESTV_RUR,S101,2052,0.5
RE1,RESTV_RUR,S101,2053,0.5
RE1,RESTV_RUR,S101,2054,0.5
RE1,RESTV_RUR,S101,2055,0.5
RE1,RESTV_RUR,S102,2022,0.5
RE1,RESTV_RUR,S102,2023,0.5
RE1,RESTV_RUR,S102,2024,0.5
RE1,RESTV_RUR,S102,2025,0.5
RE1,RESTV_RUR,S102,2026,0.5
RE1,RESTV_RUR,S102,2027,0.5
RE1,RESTV_RUR,S102,2028,0.5
RE1,RESTV_RUR,S102,2029,0.5
RE1,RESTV_RUR,S102,2030,0.5
RE1,RESTV_RUR,S102,2031,0.5
RE1,RESTV_RUR,S102,2032,0.5
RE1,RESTV_RUR,S102,2033,0.5
RE1,RESTV_RUR,S102,2034,0.5
RE1,RESTV_RUR,S102,2035,0.5
RE1,RESTV_RUR,S102,2036,0.5
RE1,RESTV_RUR,S102,2037,0.5
RE1,RESTV_RUR,S102,2038,0.5
RE1,RESTV_RUR,S102,2039,0.5
RE1,RESTV_RUR,S102,2040,0.5
RE1,RESTV_RUR,S102,2041,0.5
RE1,RESTV_RUR,S102,2042,0.5
RE1,RESTV_RUR,S102,2043,0.5
RE1,RESTV_RUR,S102,2044,0.5
RE1,RESTV_RUR,S102,2045,0.5
RE1,RESTV_RUR,S102,2046,0.5
RE1,RESTV_RUR,S102,2047,0.5
RE1,RESTV_RUR,S102,2048,0.5
RE1,RESTV_RUR,S102,2049,0.5
RE1,RESTV_RUR,S102,2050,0.5
RE1,RESTV_RUR,S102,2051,0.5
RE1,RESTV_RUR,S102,2052,0.5
RE1,RESTV_RUR,S102,2053,0.5
RE1,RESTV_RUR,S102,2054,0.5
RE1,RESTV_RUR,S102,2055,0.5
RE1,RESTV_URB,S101,2022,0.5
RE1,RESTV_URB,S101,2023,0.5
RE1,RESTV_URB,S101,2024,0.5
RE1,RESTV_URB,S101,2025,0.5
RE1,RESTV_URB,S101,2026,0.5
RE1,RESTV_URB,S101,2027,0.5
RE1,RESTV_URB,S101,2028,0.5
RE1,RESTV_URB,S101,2029,0.5
RE1,RESTV_URB,S101,2030,0.5
RE1,RESTV_URB,S101,2031,0.5
RE1,RESTV_URB,S101,2032,0.5
RE1,RESTV_URB,S101,2033,0.5
RE1,RESTV_URB,S101,2034,0.5
RE1,RESTV_URB,S101,2035,0.5
RE1,RESTV_URB,S101,2036,0.5
RE1,RESTV_URB,S101,2037,0.5
RE1,RESTV_URB,S101,2038,0.5
RE1,RESTV_URB,S101,2039,0.5
RE1,RESTV_URB,S101,2040,0.5
RE1,RESTV_URB,S101,2041,0.5
RE1,RESTV_URB,S101,2042,0.5
RE1,RESTV_URB,S101,2043,0.5
RE1,RESTV_URB,S101,2044,0.5
RE1,RESTV_URB,S101,2045,0.5
RE1,RESTV_URB,S101,2046,0.5
RE1,RESTV_URB,S101,2047,0.5
RE1,RESTV_URB,S101,2048,0.5
RE1,RESTV_URB,S101,2049,0.5
RE1,RESTV_URB,S101,2050,0.5
RE1,RESTV_URB,S101,2051,0.5
RE1,RESTV_URB,S101,2052,0.5
RE1,RESTV_URB,S101,2053,0.5
RE1,RESTV_URB,S101,2054,0.5
RE1,RESTV_URB,S101,2055,0.5
RE1,RESTV_URB,S102,2022,0.5
RE1,RESTV_URB,S102,2023,0.5
RE1,RESTV_URB,S102,2024,0.5
RE1,RESTV_URB,S102,2025,0.5
RE1,RESTV_URB,S102,2026,0.5
RE1,RESTV_URB,S102,2027,0.5
RE1,RESTV_URB,S102,2028,0.5
RE1,RESTV_URB,S102,2029,0.5
RE1,RESTV_URB,S102,2030,0.5
RE1,RESTV_URB,S102,2031,0.5
RE1,RESTV_URB,S102,2032,0.5
RE1,RESTV_URB,S102,2033,0.5
RE1,RESTV_URB,S102,2034,0.5
RE1,RESTV_URB,S102,2035,0.5
RE1,RESTV_URB,S102,2036,0.5
RE1,RESTV_URB,S102,2037,0.5
RE1,RESTV_URB,S102,2038,0.5
RE1,RESTV_URB,S102,2039,0.5
RE1,RESTV_URB,S102,2040,0.5
RE1,RESTV_URB,S102,2041,0.5
RE1,RESTV_URB,S102,2042,0.5
RE1,RESTV_URB,S102,2043,0.5
RE1,RESTV_URB,S102,2044,0.5
RE1,RESTV_URB,S102,2045,0.5
RE1,RESTV_URB,S102,2046,0.5
RE1,RESTV_URB,S102,2047,0.5
RE1,RESTV_URB,S102,2048,0.5
RE1,RESTV_URB,S102,2049,0.5
RE1,RESTV_URB,S102,2050,0.5
RE1,RESTV_URB,S102,2051,0.5
RE1,RESTV_URB,S102,2052,0.5
RE1,RESTV_URB,S102,2053,0.5
RE1,RESTV_URB,S102,2054,0.5
RE1,RESTV_URB,S102,2055,0.5
RE1,RESWHT_RUR,S101,2022,0.5
RE1,RESWHT_RUR,S101,2023,0.5
RE1,RESWHT_RUR,S101,2024,0.5
RE1,RESWHT_RUR,S101,2025,0.5
RE1,RESWHT_RUR,S101,2026,0.5
RE1,RESWHT_RUR,S101,2027,0.5
RE1,RESWHT_RUR,S101,2028,0.5
RE1,RESWHT_RUR,S101,2029,0.5
RE1,RESWHT_RUR,S101,2030,0.5
RE1,RESWHT_RUR,S101,2031,0.5
RE1,RESWHT_RUR,S101,2032,0.5
RE1,RESWHT_RUR,S101,2033,0.5
RE1,RESWHT_RUR,S101,2034,0.5
RE1,RESWHT_RUR,S101,2035,0.5
RE1,RESWHT_RUR,S101,2036,0.5
RE1,RESWHT_RUR,S101,2037,0.5
RE1,RESWHT_RUR,S101,2038,0.5
RE1,RESWHT_RUR,S101,2039,0.5
RE1,RESWHT_RUR,S101,2040,0.5
RE1,RESWHT_RUR,S101,2041,0.5
RE1,RESWHT_RUR,S101,2042,0.5
RE1,RESWHT_RUR,S101,2043,0.5
RE1,RESWHT_RUR,S101,2044,0.5
RE1,RESWHT_RUR,S101,2045,0.5
RE1,RESWHT_RUR,S101,2046,0.5
RE1,RESWHT_RUR,S101,2047,0.5
RE1,RESWHT_RUR,S101,2048,0.5
RE1,RESWHT_RUR,S101,2049,0.5
RE1,RESWHT_RUR,S101,2050,0.5
RE1,RESWHT_RUR,S101,2051,0.5
RE1,RESWHT_RUR,S101,2052,0.5
RE1,RESWHT_RUR,S101,2053,0.5
RE1,RESWHT_RUR,S101,2054,0.5
RE1,RESWHT_RUR,S101,2055,0.5
RE1,RESWHT_RUR,S102,2022,0.5
RE1,RESWHT_RUR,S102,2023,0.5
RE1,RESWHT_RUR,S102,2024,0.5
RE1,RESWHT_RUR,S102,2025,0.5
RE1,RESWHT_RUR,S102,2026,0.5
RE1,RESWHT_RUR,S102,2027,0.5
RE1,RESWHT_RUR,S102,2028,0.5
RE1,RESWHT_RUR,S102,2029,0.5
RE1,RESWHT_RUR,S102,2030,0.5
RE1,RESWHT_RUR,S102,2031,0.5
RE1,RESWHT_RUR,S102,2032,0.5
RE1,RESWHT_RUR,S102,2033,0.5
RE1,RESWHT_RUR,S102,2034,0.5
RE1,RESWHT_RUR,S102,2035,0.5
RE1,RESWHT_RUR,S102,2036,0.5
RE1,RESWHT_RUR,S102,2037,0.5
RE1,RESWHT_RUR,S102,2038,0.5
RE1,RESWHT_RUR,S102,2039,0.5
RE1,RESWHT_RUR,S102,2040,0.5
RE1,RESWHT_RUR,S102,2041,0.5
RE1,RESWHT_RUR,S102,2042,0.5
RE1,RESWHT_RUR,S102,2043,0.5
RE1,RESWHT_RUR,S102,2044,0.5
RE1,RESWHT_RUR,S102,2045,0.5
RE1,RESWHT_RUR,S102,2046,0.5
RE1,RESWHT_RUR,S102,2047,0.5
RE1,RESWHT_RUR,S102,2048,0.5
RE1,RESWHT_RUR,S102,2049,0.5
RE1,RESWHT_RUR,S102,2050,0.5
RE1,RESWHT_RUR,S102,2051,0.5
RE1,RESWHT_RUR,S102,2052,0.5
RE1,RESWHT_RUR,S102,2053,0.5
RE1,RESWHT_RUR,S102,2054,0.5
RE1,RESWHT_RUR,S102,2055,0.5
RE1,RESWHT_URB,S101,2022,0.5
RE1,RESWHT_URB,S101,2023,0.5
RE1,RESWHT_URB,S101,2024,0.5
RE1,RESWHT_URB,S101,2025,0.5
RE1,RESWHT_URB,S101,2026,0.5
RE1,RESWHT_URB,S101,2027,0.5
RE1,RESWHT_URB,S101,2028,0.5
RE1,RESWHT_URB,S101,2029,0.5
RE1,RESWHT_URB,S101,2030,0.5
RE1,RESWHT_URB,S101,2031,0.5
RE1,RESWHT_URB,S101,2032,0.5
RE1,RESWHT_URB,S101,2033,0.5
RE1,RESWHT_URB,S101,2034,0.5
RE1,RESWHT_URB,S101,2035,0.5
RE1,RESWHT_URB,S101,2036,0.5
RE1,RESWHT_URB,S101,2037,0.5
RE1,RESWHT_URB,S101,2038,0.5
RE1,RESWHT_URB,S101,2039,0.5
RE1,RESWHT_URB,S101,2040,0.5
RE1,RESWHT_URB,S101,2041,0.5
RE1,RESWHT_URB,S101,2042,0.5
RE1,RESWHT_URB,S101,2043,0.5
RE1,RESWHT_URB,S101,2044,0.5
RE1,RESWHT_URB,S101,2045,0.5
RE1,RESWHT_URB,S101,2046,0.5
RE1,RESWHT_URB,S101,2047,0.5
RE1,RESWHT_URB,S101,2048,0.5
RE1,RESWHT_URB,S101,2049,0.5
RE1,RESWHT_URB,S101,2050,0.5
RE1,RESWHT_URB,S101,2051,0.5
RE1,RESWHT_URB,S101,2052,0.5
RE1,RESWHT_URB,S101,2053,0.5
RE1,RESWHT_URB,S101,2054,0.5
RE1,RESWHT_URB,S101,2055,0.5
RE1,RESWHT_URB,S102,2022,0.5
RE1,RESWHT_URB,S102,2023,0.5
RE1,RESWHT_URB,S102,2024,0.5
RE1,RESWHT_URB,S102,2025,0.5
RE1,RESWHT_URB,S102,2026,0.5
RE1,RESWHT_URB,S102,2027,0.5
RE1,RESWHT_URB,S102,2028,0.5
RE1,RESWHT_URB,S102,2029,0.5
RE1,RESWHT_URB,S102,2030,0.5
RE1,RESWHT_URB,S102,2031,0.5
RE1,RESWHT_URB,S102,2032,0.5
RE1,RESWHT_URB,S102,2033,0.5
RE1,RESWHT_URB,S102,2034,0.5
RE1,RESWHT_URB,S102,2035,0.5
RE1,RESWHT_URB,S102,2036,0.5
RE1,RESWHT_URB,S102,2037,0.5
RE1,RESWHT_URB,S102,2038,0.5
RE1,RESWHT_URB,S102,2039,0.5
RE1,RESWHT_URB,S102,2040,0.5
RE1,RESWHT_URB,S102,2041,0.5
RE1,RESWHT_URB,S102,2042,0.5
RE1,RESWHT_URB,S102,2043,0.5
RE1,RESWHT_URB,S102,2044,0.5
RE1,RESWHT_URB,S102,2045,0.5
RE1,RESWHT_URB,S102,2046,0.5
RE1,RESWHT_URB,S102,2047,0.5
RE1,RESWHT_URB,S102,2048,0.5
RE1,RESWHT_URB,S102,2049,0.5
RE1,RESWHT_URB,S102,2050,0.5
RE1,RESWHT_URB,S102,2051,0.5
RE1,RESWHT_URB,S102,2052,0.5
RE1,RESWHT_URB,S102,2053,0.5
RE1,RESWHT_URB,S102,2054,0.5
RE1,RESWHT_URB,S102,2055,0.5
RE1,RESWSH_RUR,S101,2022,0.5
RE1,RESWSH_RUR,S101,2023,0.5
RE1,RESWSH_RUR,S101,2024,0.5
RE1,RESWSH_RUR,S101,2025,0.5
RE1,RESWSH_RUR,S101,2026,0.5
RE1,RESWSH_RUR,S101,2027,0.5
RE1,RESWSH_RUR,S101,2028,0.5
RE1,RESWSH_RUR,S101,2029,0.5
RE1,RESWSH_RUR,S101,2030,0.5
RE1,RESWSH_RUR,S101,2031,0.5
RE1,RESWSH_RUR,S101,2032,0.5
RE1,RESWSH_RUR,S101,2033,0.5
RE1,RESWSH_RUR,S101,2034,0.5
RE1,RESWSH_RUR,S101,2035,0.5
RE1,RESWSH_RUR,S101,2036,0.5
RE1,RESWSH_RUR,S101,2037,0.5
RE1,RESWSH_RUR,S101,2038,0.5
RE1,RESWSH_RUR,S101,2039,0.5
RE1,RESWSH_RUR,S101,2040,0.5
RE1,RESWSH_RUR,S101,2041,0.5
RE1,RESWSH_RUR,S101,2042,0.5
RE1,RESWSH_RUR,S101,2043,0.5
RE1,RESWSH_RUR,S101,2044,0.5
RE1,RESWSH_RUR,S101,2045,0.5
RE1,RESWSH_RUR,S101,2046,0.5
RE1,RESWSH_RUR,S101,2047,0.5
RE1,RESWSH_RUR,S101,2048,0.5
RE1,RESWSH_RUR,S101,2049,0.5
RE1,RESWSH_RUR,S101,2050,0.5
RE1,RESWSH_RUR,S101,2051,0.5
RE1,RESWSH_RUR,S101,2052,0.5
RE1,RESWSH_RUR,S101,2053,0.5
RE1,RESWSH_RUR,S101,2054,0.5
RE1,RESWSH_RUR,S101,2055,0.5
RE1,RESWSH_RUR,S102,2022,0.5
RE1,RESWSH_RUR,S102,2023,0.5
RE1,RESWSH_RUR,S102,2024,0.5
RE1,RESWSH_RUR,S102,2025,0.5
RE1,RESWSH_RUR,S102,2026,0.5
RE1,RESWSH_RUR,S102,2027,0.5
RE1,RESWSH_RUR,S102,2028,0.5
RE1,RESWSH_RUR,S102,2029,0.5
RE1,RESWSH_RUR,S102,2030,0.5
RE1,RESWSH_RUR,S102,2031,0.5
RE1,RESWSH_RUR,S102,2032,0.5
RE1,RESWSH_RUR,S102,2033,0.5
RE1,RESWSH_RUR,S102,2034,0.5
RE1,RESWSH_RUR,S102,2035,0.5
RE1,RESWSH_RUR,S102,2036,0.5
RE1,RESWSH_RUR,S102,2037,0.5
RE1,RESWSH_RUR,S102,2038,0.5
RE1,RESWSH_RUR,S102,2039,0.5
RE1,RESWSH_RUR,S102,2040,0.5
RE1,RESWSH_RUR,S102,2041,0.5
RE1,RESWSH_RUR,S102,2042,0.5
RE1,RESWSH_RUR,S102,2043,0.5
RE1,RESWSH_RUR,S102,2044,0.5
RE1,RESWSH_RUR,S102,2045,0.5
RE1,RESWSH_RUR,S102,2046,0.5
RE1,RESWSH_RUR,S102,2047,0.5
RE1,RESWSH_RUR,S102,2048,0.5
RE1,RESWSH_RUR,S102,2049,0.5
RE1,RESWSH_RUR,S102,2050,0.5
RE1,RESWSH_RUR,S102,2051,0.5
RE1,RESWSH_RUR,S102,2052,0.5
RE1,RESWSH_RUR,S102,2053,0.5
RE1,RESWSH_RUR,S102,2054,0.5
RE1,RESWSH_RUR,S102,2055,0.5
RE1,RESWSH_URB,S101,2022,0.5
RE1,RESWSH_URB,S101,2023,0.5
RE1,RESWSH_URB,S101,2024,0.5
RE1,RESWSH_URB,S101,2025,0.5
RE1,RESWSH_URB,S101,2026,0.5
RE1,RESWSH_URB,S101,2027,0.5
RE1,RESWSH_URB,S101,2028,0.5
RE1,RESWSH_URB,S101,2029,0.5
RE1,RESWSH_URB,S101,2030,0.5
RE1,RESWSH_URB,S101,2031,0.5
RE1,RESWSH_URB,S101,2032,0.5
RE1,RESWSH_URB,S101,2033,0.5
RE1,RESWSH_URB,S101,2034,0.5
RE1,RESWSH_URB,S101,2035,0.5
RE1,RESWSH_URB,S101,2036,0.5
RE1,RESWSH_URB,S101,2037,0.5
RE1,RESWSH_URB,S101,2038,0.5
RE1,RESWSH_URB,S101,2039,0.5
RE1,RESWSH_URB,S101,2040,0.5
RE1,RESWSH_URB,S101,2041,0.5
RE1,RESWSH_URB,S101,2042,0.5
RE1,RESWSH_URB,S101,2043,0.5
RE1,RESWSH_URB,S101,2044,0.5
RE1,RESWSH_URB,S101,2045,0.5
RE1,RESWSH_URB,S101,2046,0.5
RE1,RESWSH_URB,S101,2047,0.5
RE1,RESWSH_URB,S101,2048,0.5
RE1,RESWSH_URB,S101,2049,0.5
RE1,RESWSH_URB,S101,2050,0.5
RE1,RESWSH_URB,S101,2051,0.5
RE1,RESWSH_URB,S101,2052,0.5
RE1,RESWSH_URB,S101,2053,0.5
RE1,RESWSH_URB,S101,2054,0.5
RE1,RESWSH_URB,S101,2055,0.5
RE1,RESWSH_URB,S102,2022,0.5
RE1,RESWSH_URB,S102,2023,0.5
RE1,RESWSH_URB,S102,2024,0.5
RE1,RESWSH_URB,S102,2025,0.5
RE1,RESWSH_URB,S102,2026,0.5
RE1,RESWSH_URB,S102,2027,0.5
RE1,RESWSH_URB,S102,2028,0.5
RE1,RESWSH_URB,S102,2029,0.5
RE1,RESWSH_URB,S102,2030,0.5
RE1,RESWSH_URB,S102,2031,0.5
RE1,RESWSH_URB,S102,2032,0.5
RE1,RESWSH_URB,S102,2033,0.5
RE1,RESWSH_URB,S102,2034,0.5
RE1,RESWSH_URB,S102,2035,0.5
RE1,RESWSH_URB,S102,2036,0.5
RE1,RESWSH_URB,S102,2037,0.5
RE1,RESWSH_URB,S102,2038,0.5
RE1,RESWSH_URB,S102,2039,0.5
RE1,RESWSH_URB,S102,2040,0.5
RE1,RESWSH_URB,S102,2041,0.5
RE1,RESWSH_URB,S102,2042,0.5
RE1,RESWSH_URB,S102,2043,0.5
RE1,RESWSH_URB,S102,2044,0.5
RE1,RESWSH_URB,S102,2045,0.5
RE1,RESWSH_URB,S102,2046,0.5
RE1,RESWSH_URB,S102,2047,0.5
RE1,RESWSH_URB,S102,2048,0.5
RE1,RESWSH_URB,S102,2049,0.5
RE1,RESWSH_URB,S102,2050,0.5
RE1,RESWSH_URB,S102,2051,0.5
RE1,RESWSH_URB,S102,2052,0.5
RE1,RESWSH_URB,S102,2053,0.5
RE1,RESWSH_URB,S102,2054,0.5
RE1,RESWSH_URB,S102,2055,0.5
RE1,TERCLIM_CEN,S101,2022,0.5
RE1,TERCLIM_CEN,S101,2023,0.5
RE1,TERCLIM_CEN,S101,2024,0.5
RE1,TERCLIM_CEN,S101,2025,0.5
RE1,TERCLIM_CEN,S101,2026,0.5
RE1,TERCLIM_CEN,S101,2027,0.5
RE1,TERCLIM_CEN,S101,2028,0.5
RE1,TERCLIM_CEN,S101,2029,0.5
RE1,TERCLIM_CEN,S101,2030,0.5
RE1,TERCLIM_CEN,S101,2031,0.5
RE1,TERCLIM_CEN,S101,2032,0.5
RE1,TERCLIM_CEN,S101,2033,0.5
RE1,TERCLIM_CEN,S101,2034,0.5
RE1,TERCLIM_CEN,S101,2035,0.5
RE1,TERCLIM_CEN,S101,2036,0.5
RE1,TERCLIM_CEN,S101,2037,0.5
RE1,TERCLIM_CEN,S101,2038,0.5
RE1,TERCLIM_CEN,S101,2039,0.5
RE1,TERCLIM_CEN,S101,2040,0.5
RE1,TERCLIM_CEN,S101,2041,0.5
RE1,TERCLIM_CEN,S101,2042,0.5
RE1,TERCLIM_CEN,S101,2043,0.5
RE1,TERCLIM_CEN,S101,2044,0.5
RE1,TERCLIM_CEN,S101,2045,0.5
RE1,TERCLIM_CEN,S101,2046,0.5
RE1,TERCLIM_CEN,S101,2047,0.5
RE1,TERCLIM_CEN,S101,2048,0.5
RE1,TERCLIM_CEN,S101,2049,0.5
RE1,TERCLIM_CEN,S101,2050,0.5
RE1,TERCLIM_CEN,S101,2051,0.5
RE1,TERCLIM_CEN,S101,2052,0.5
RE1,TERCLIM_CEN,S101,2053,0.5
RE1,TERCLIM_CEN,S101,2054,0.5
RE1,TERCLIM_CEN,S101,2055,0.5
RE1,TERCLIM_CEN,S102,2022,0.5
RE1,TERCLIM_CEN,S102,2023,0.5
RE1,TERCLIM_CEN,S102,2024,0.5
RE1,TERCLIM_CEN,S102,2025,0.5
RE1,TERCLIM_CEN,S102,2026,0.5
RE1,TERCLIM_CEN,S102,2027,0.5
RE1,TERCLIM_CEN,S102,2028,0.5
RE1,TERCLIM_CEN,S102,2029,0.5
RE1,TERCLIM_CEN,S102,2030,0.5
RE1,TERCLIM_CEN,S102,2031,0.5
RE1,TERCLIM_CEN,S102,2032,0.5
RE1,TERCLIM_CEN,S102,2033,0.5
RE1,TERCLIM_CEN,S102,2034,0.5
RE1,TERCLIM_CEN,S102,2035,0.5
RE1,TERCLIM_CEN,S102,2036,0.5
RE1,TERCLIM_CEN,S102,2037,0.5
RE1,TERCLIM_CEN,S102,2038,0.5
RE1,TERCLIM_CEN,S102,2039,0.5
RE1,TERCLIM_CEN,S102,2040,0.5
RE1,TERCLIM_CEN,S102,2041,0.5
RE1,TERCLIM_CEN,S102,2042,0.5
RE1,TERCLIM_CEN,S102,2043,0.5
RE1,TERCLIM_CEN,S102,2044,0.5
RE1,TERCLIM_CEN,S102,2045,0.5
RE1,TERCLIM_CEN,S102,2046,0.5
RE1,TERCLIM_CEN,S102,2047,0.5
RE1,TERCLIM_CEN,S102,2048,0.5
RE1,TERCLIM_CEN,S102,2049,0.5
RE1,TERCLIM_CEN,S102,2050,0.5
RE1,TERCLIM_CEN,S102,2051,0.5
RE1,TERCLIM_CEN,S102,2052,0.5
RE1,TERCLIM_CEN,S102,2053,0.5
RE1,TERCLIM_CEN,S102,2054,0.5
RE1,TERCLIM_CEN,S102,2055,0.5
RE1,TERCLIM_FAN,S101,2022,0.5
RE1,TERCLIM_FAN,S101,2023,0.5
RE1,TERCLIM_FAN,S101,2024,0.5
RE1,TERCLIM_FAN,S101,2025,0.5
RE1,TERCLIM_FAN,S101,2026,0.5
RE1,TERCLIM_FAN,S101,2027,0.5
RE1,TERCLIM_FAN,S101,2028,0.5
RE1,TERCLIM_FAN,S101,2029,0.5
RE1,TERCLIM_FAN,S101,2030,0.5
RE1,TERCLIM_FAN,S101,2031,0.5
RE1,TERCLIM_FAN,S101,2032,0.5
RE1,TERCLIM_FAN,S101,2033,0.5
RE1,TERCLIM_FAN,S101,2034,0.5
RE1,TERCLIM_FAN,S101,2035,0.5
RE1,TERCLIM_FAN,S101,2036,0.5
RE1,TERCLIM_FAN,S101,2037,0.5
RE1,TERCLIM_FAN,S101,2038,0.5
RE1,TERCLIM_FAN,S101,2039,0.5
RE1,TERCLIM_FAN,S101,2040,0.5
RE1,TERCLIM_FAN,S101,2041,0.5
RE1,TERCLIM_FAN,S101,2042,0.5
RE1,TERCLIM_FAN,S101,2043,0.5
RE1,TERCLIM_FAN,S101,2044,0.5
RE1,TERCLIM_FAN,S101,2045,0.5
RE1,TERCLIM_FAN,S101,2046,0.5
RE1,TERCLIM_FAN,S101,2047,0.5
RE1,TERCLIM_FAN,S101,2048,0.5
RE1,TERCLIM_FAN,S101,2049,0.5
RE1,TERCLIM_FAN,S101,2050,0.5
RE1,TERCLIM_FAN,S101,2051,0.5
RE1,TERCLIM_FAN,S101,2052,0.5
RE1,TERCLIM_FAN,S101,2053,0.5
RE1,TERCLIM_FAN,S101,2054,0.5
RE1,TERCLIM_FAN,S101,2055,0.5
RE1,TERCLIM_FAN,S102,2022,0.5
RE1,TERCLIM_FAN,S102,2023,0.5
RE1,TERCLIM_FAN,S102,2024,0.5
RE1,TERCLIM_FAN,S102,2025,0.5
RE1,TERCLIM_FAN,S102,2026,0.5
RE1,TERCLIM_FAN,S102,2027,0.5
RE1,TERCLIM_FAN,S102,2028,0.5
RE1,TERCLIM_FAN,S102,2029,0.5
RE1,TERCLIM_FAN,S102,2030,0.5
RE1,TERCLIM_FAN,S102,2031,0.5
RE1,TERCLIM_FAN,S102,2032,0.5
RE1,TERCLIM_FAN,S102,2033,0.5
RE1,TERCLIM_FAN,S102,2034,0.5
RE1,TERCLIM_FAN,S102,2035,0.5
RE1,TERCLIM_FAN,S102,2036,0.5
RE1,TERCLIM_FAN,S102,2037,0.5
RE1,TERCLIM_FAN,S102,2038,0.5
RE1,TERCLIM_FAN,S102,2039,0.5
RE1,TERCLIM_FAN,S102,2040,0.5
RE1,TERCLIM_FAN,S102,2041,0.5
RE1,TERCLIM_FAN,S102,2042,0.5
RE1,TERCLIM_FAN,S102,2043,0.5
RE1,TERCLIM_FAN,S102,2044,0.5
RE1,TERCLIM_FAN,S102,2045,0.5
RE1,TERCLIM_FAN,S102,2046,0.5
RE1,TERCLIM_FAN,S102,2047,0.5
RE1,TERCLIM_FAN,S102,2048,0.5
RE1,TERCLIM_FAN,S102,2049,0.5
RE1,TERCLIM_FAN,S102,2050,0.5
RE1,TERCLIM_FAN,S102,2051,0.5
RE1,TERCLIM_FAN,S102,2052,0.5
RE1,TERCLIM_FAN,S102,2053,0.5
RE1,TERCLIM_FAN,S102,2054,0.5
RE1,TERCLIM_FAN,S102,2055,0.5
RE1,TERCLIM_SPL,S101,2022,0.5
RE1,TERCLIM_SPL,S101,2023,0.5
RE1,TERCLIM_SPL,S101,2024,0.5
RE1,TERCLIM_SPL,S101,2025,0.5
RE1,TERCLIM_SPL,S101,2026,0.5
RE1,TERCLIM_SPL,S101,2027,0.5
RE1,TERCLIM_SPL,S101,2028,0.5
RE1,TERCLIM_SPL,S101,2029,0.5
RE1,TERCLIM_SPL,S101,2030,0.5
RE1,TERCLIM_SPL,S101,2031,0.5
RE1,TERCLIM_SPL,S101,2032,0.5
RE1,TERCLIM_SPL,S101,2033,0.5
RE1,TERCLIM_SPL,S101,2034,0.5
RE1,TERCLIM_SPL,S101,2035,0.5
RE1,TERCLIM_SPL,S101,2036,0.5
RE1,TERCLIM_SPL,S101,2037,0.5
RE1,TERCLIM_SPL,S101,2038,0.5
RE1,TERCLIM_SPL,S101,2039,0.5
RE1,TERCLIM_SPL,S101,2040,0.5
RE1,TERCLIM_SPL,S101,2041,0.5
RE1,TERCLIM_SPL,S101,2042,0.5
RE1,TERCLIM_SPL,S101,2043,0.5
RE1,TERCLIM_SPL,S101,2044,0.5
RE1,TERCLIM_SPL,S101,2045,0.5
RE1,TERCLIM_SPL,S101,2046,0.5
RE1,TERCLIM_SPL,S101,2047,0.5
RE1,TERCLIM_SPL,S101,2048,0.5
RE1,TERCLIM_SPL,S101,2049,0.5
RE1,TERCLIM_SPL,S101,2050,0.5
RE1,TERCLIM_SPL,S101,2051,0.5
RE1,TERCLIM_SPL,S101,2052,0.5
RE1,TERCLIM_SPL,S101,2053,0.5
RE1,TERCLIM_SPL,S101,2054,0.5
RE1,TERCLIM_SPL,S101,2055,0.5
RE1,TERCLIM_SPL,S102,2022,0.5
RE1,TERCLIM_SPL,S102,2023,0.5
RE1,TERCLIM_SPL,S102,2024,0.5
RE1,TERCLIM_SPL,S102,2025,0.5
RE1,TERCLIM_SPL,S102,2026,0.5
RE1,TERCLIM_SPL,S102,2027,0.5
RE1,TERCLIM_SPL,S102,2028,0.5
RE1,TERCLIM_SPL,S102,2029,0.5
RE1,TERCLIM_SPL,S102,2030,0.5
RE1,TERCLIM_SPL,S102,2031,0.5
RE1,TERCLIM_SPL,S102,2032,0.5
RE1,TERCLIM_SPL,S102,2033,0.5
RE1,TERCLIM_SPL,S102,2034,0.5
RE1,TERCLIM_SPL,S102,2035,0.5
RE1,TERCLIM_SPL,S102,2036,0.5
RE1,TERCLIM_SPL,S102,2037,0.5
RE1,TERCLIM_SPL,S102,2038,0.5
RE1,TERCLIM_SPL,S102,2039,0.5
RE1,TERCLIM_SPL,S102,2040,0.5
RE1,TERCLIM_SPL,S102,2041,0.5
RE1,TERCLIM_SPL,S102,2042,0.5
RE1,TERCLIM_SPL,S102,2043,0.5
RE1,TERCLIM_SPL,S102,2044,0.5
RE1,TERCLIM_SPL,S102,2045,0.5
RE1,TERCLIM_SPL,S102,2046,0.5
RE1,TERCLIM_SPL,S102,2047,0.5
RE1,TERCLIM_SPL,S102,2048,0.5
RE1,TERCLIM_SPL,S102,2049,0.5
RE1,TERCLIM_SPL,S102,2050,0.5
RE1,TERCLIM_SPL,S102,2051,0.5
RE1,TERCLIM_SPL,S102,2052,0.5
RE1,TERCLIM_SPL,S102,2053,0.5
RE1,TERCLIM_SPL,S102,2054,0.5
RE1,TERCLIM_SPL,S102,2055,0.5
RE1,TERDATA,S101,2022,0.5
RE1,TERDATA,S101,2023,0.5
RE1,TERDATA,S101,2024,0.5
RE1,TERDATA,S101,2025,0.5
RE1,TERDATA,S101,2026,0.5
RE1,TERDATA,S101,2027,0.5
RE1,TERDATA,S101,2028,0.5
RE1,TERDATA,S101,2029,0.5
RE1,TERDATA,S101,2030,0.5
RE1,TERDATA,S101,2031,0.5
RE1,TERDATA,S101,2032,0.5
RE1,TERDATA,S101,2033,0.5
RE1,TERDATA,S101,2034,0.5
RE1,TERDATA,S101,2035,0.5
RE1,TERDATA,S101,2036,0.5
RE1,TERDATA,S101,2037,0.5
RE1,TERDATA,S101,2038,0.5
RE1,TERDATA,S101,2039,0.5
RE1,TERDATA,S101,2040,0.5
RE1,TERDATA,S101,2041,0.5
RE1,TERDATA,S101,2042,0.5
RE1,TERDATA,S101,2043,0.5
RE1,TERDATA,S101,2044,0.5
RE1,TERDATA,S101,2045,0.5
RE1,TERDATA,S101,2046,0.5
RE1,TERDATA,S101,2047,0.5
RE1,TERDATA,S101,2048,0.5
RE1,TERDATA,S101,2049,0.5
RE1,TERDATA,S101,2050,0.5
RE1,TERDATA,S101,2051,0.5
RE1,TERDATA,S101,2052,0.5
RE1,TERDATA,S101,2053,0.5
RE1,TERDATA,S101,2054,0.5
RE1,TERDATA,S101,2055,0.5
RE1,TERDATA,S102,2022,0.5
RE1,TERDATA,S102,2023,0.5
RE1,TERDATA,S102,2024,0.5
RE1,TERDATA,S102,2025,0.5
RE1,TERDATA,S102,2026,0.5
RE1,TERDATA,S102,2027,0.5
RE1,TERDATA,S102,2028,0.5
RE1,TERDATA,S102,2029,0.5
RE1,TERDATA,S102,2030,0.5
RE1,TERDATA,S102,2031,0.5
RE1,TERDATA,S102,2032,0.5
RE1,TERDATA,S102,2033,0.5
RE1,TERDATA,S102,2034,0.5
RE1,TERDATA,S102,2035,0.5
RE1,TERDATA,S102,2036,0.5
RE1,TERDATA,S102,2037,0.5
RE1,TERDATA,S102,2038,0.5
RE1,TERDATA,S102,2039,0.5
RE1,TERDATA,S102,2040,0.5
RE1,TERDATA,S102,2041,0.5
RE1,TERDATA,S102,2042,0.5
RE1,TERDATA,S102,2043,0.5
RE1,TERDATA,S102,2044,0.5
RE1,TERDATA,S102,2045,0.5
RE1,TERDATA,S102,2046,0.5
RE1,TERDATA,S102,2047,0.5
RE1,TERDATA,S102,2048,0.5
RE1,TERDATA,S102,2049,0.5
RE1,TERDATA,S102,2050,0.5
RE1,TERDATA,S102,2051,0.5
RE1,TERDATA,S102,2052,0.5
RE1,TERDATA,S102,2053,0.5
RE1,TERDATA,S102,2054,0.5
RE1,TERDATA,S102,2055,0.5
RE1,TERDHT,S101,2022,0.5
RE1,TERDHT,S101,2023,0.5
RE1,TERDHT,S101,2024,0.5
RE1,TERDHT,S101,2025,0.5
RE1,TERDHT,S101,2026,0.5
RE1,TERDHT,S101,2027,0.5
RE1,TERDHT,S101,2028,0.5
RE1,TERDHT,S101,2029,0.5
RE1,TERDHT,S101,2030,0.5
RE1,TERDHT,S101,2031,0.5
RE1,TERDHT,S101,2032,0.5
RE1,TERDHT,S101,2033,0.5
RE1,TERDHT,S101,2034,0.5
RE1,TERDHT,S101,2035,0.5
RE1,TERDHT,S101,2036,0.5
RE1,TERDHT,S101,2037,0.5
RE1,TERDHT,S101,2038,0.5
RE1,TERDHT,S101,2039,0.5
RE1,TERDHT,S101,2040,0.5
RE1,TERDHT,S101,2041,0.5
RE1,TERDHT,S101,2042,0.5
RE1,TERDHT,S101,2043,0.5
RE1,TERDHT,S101,2044,0.5
RE1,TERDHT,S101,2045,0.5
RE1,TERDHT,S101,2046,0.5
RE1,TERDHT,S101,2047,0.5
RE1,TERDHT,S101,2048,0.5
RE1,TERDHT,S101,2049,0.5
RE1,TERDHT,S101,2050,0.5
RE1,TERDHT,S101,2051,0.5
RE1,TERDHT,S101,2052,0.5
RE1,TERDHT,S101,2053,0.5
RE1,TERDHT,S101,2054,0.5
RE1,TERDHT,S101,2055,0.5
RE1,TERDHT,S102,2022,0.5
RE1,TERDHT,S102,2023,0.5
RE1,TERDHT,S102,2024,0.5
RE1,TERDHT,S102,2025,0.5
RE1,TERDHT,S102,2026,0.5
RE1,TERDHT,S102,2027,0.5
RE1,TERDHT,S102,2028,0.5
RE1,TERDHT,S102,2029,0.5
RE1,TERDHT,S102,2030,0.5
RE1,TERDHT,S102,2031,0.5
RE1,TERDHT,S102,2032,0.5
RE1,TERDHT,S102,2033,0.5
RE1,TERDHT,S102,2034,0.5
RE1,TERDHT,S102,2035,0.5
RE1,TERDHT,S102,2036,0.5
RE1,TERDHT,S102,2037,0.5
RE1,TERDHT,S102,2038,0.5
RE1,TERDHT,S102,2039,0.5
RE1,TERDHT,S102,2040,0.5
RE1,TERDHT,S102,2041,0.5
RE1,TERDHT,S102,2042,0.5
RE1,TERDHT,S102,2043,0.5
RE1,TERDHT,S102,2044,0.5
RE1,TERDHT,S102,2045,0.5
RE1,TERDHT,S102,2046,0.5
RE1,TERDHT,S102,2047,0.5
RE1,TERDHT,S102,2048,0.5
RE1,TERDHT,S102,2049,0.5
RE1,TERDHT,S102,2050,0.5
RE1,TERDHT,S102,2051,0.5
RE1,TERDHT,S102,2052,0.5
RE1,TERDHT,S102,2053,0.5
RE1,TERDHT,S102,2054,0.5
RE1,TERDHT,S102,2055,0.5
RE1,TERIHT,S101,2022,0.5
RE1,TERIHT,S101,2023,0.5
RE1,TERIHT,S101,2024,0.5
RE1,TERIHT,S101,2025,0.5
RE1,TERIHT,S101,2026,0.5
RE1,TERIHT,S101,2027,0.5
RE1,TERIHT,S101,2028,0.5
RE1,TERIHT,S101,2029,0.5
RE1,TERIHT,S101,2030,0.5
RE1,TERIHT,S101,2031,0.5
RE1,TERIHT,S101,2032,0.5
RE1,TERIHT,S101,2033,0.5
RE1,TERIHT,S101,2034,0.5
RE1,TERIHT,S101,2035,0.5
RE1,TERIHT,S101,2036,0.5
RE1,TERIHT,S101,2037,0.5
RE1,TERIHT,S101,2038,0.5
RE1,TERIHT,S101,2039,0.5
RE1,TERIHT,S101,2040,0.5
RE1,TERIHT,S101,2041,0.5
RE1,TERIHT,S101,2042,0.5
RE1,TERIHT,S101,2043,0.5
RE1,TERIHT,S101,2044,0.5
RE1,TERIHT,S101,2045,0.5
RE1,TERIHT,S101,2046,0.5
RE1,TERIHT,S101,2047,0.5
RE1,TERIHT,S101,2048,0.5
RE1,TERIHT,S101,2049,0.5
RE1,TERIHT,S101,2050,0.5
RE1,TERIHT,S101,2051,0.5
RE1,TERIHT,S101,2052,0.5
RE1,TERIHT,S101,2053,0.5
RE1,TERIHT,S101,2054,0.5
RE1,TERIHT,S101,2055,0.5
RE1,TERIHT,S102,2022,0.5
RE1,TERIHT,S102,2023,0.5
RE1,TERIHT,S102,2024,0.5
RE1,TERIHT,S102,2025,0.5
RE1,TERIHT,S102,2026,0.5
RE1,TERIHT,S102,2027,0.5
RE1,TERIHT,S102,2028,0.5
RE1,TERIHT,S102,2029,0.5
RE1,TERIHT,S102,2030,0.5
RE1,TERIHT,S102,2031,0.5
RE1,TERIHT,S102,2032,0.5
RE1,TERIHT,S102,2033,0.5
RE1,TERIHT,S102,2034,0.5
RE1,TERIHT,S102,2035,0.5
RE1,TERIHT,S102,2036,0.5
RE1,TERIHT,S102,2037,0.5
RE1,TERIHT,S102,2038,0.5
RE1,TERIHT,S102,2039,0.5
RE1,TERIHT,S102,2040,0.5
RE1,TERIHT,S102,2041,0.5
RE1,TERIHT,S102,2042,0.5
RE1,TERIHT,S102,2043,0.5
RE1,TERIHT,S102,2044,0.5
RE1,TERIHT,S102,2045,0.5
RE1,TERIHT,S102,2046,0.5
RE1,TERIHT,S102,2047,0.5
RE1,TERIHT,S102,2048,0.5
RE1,TERIHT,S102,2049,0.5
RE1,TERIHT,S102,2050,0.5
RE1,TERIHT,S102,2051,0.5
RE1,TERIHT,S102,2052,0.5
RE1,TERIHT,S102,2053,0.5
RE1,TERIHT,S102,2054,0.5
RE1,TERIHT,S102,2055,0.5
RE1,TERILU,S101,2022,0.5
RE1,TERILU,S101,2023,0.5
RE1,TERILU,S101,2024,0.5
RE1,TERILU,S101,2025,0.5
RE1,TERILU,S101,2026,0.5
RE1,TERILU,S101,2027,0.5
RE1,TERILU,S101,2028,0.5
RE1,TERILU,S101,2029,0.5
RE1,TERILU,S101,2030,0.5
RE1,TERILU,S101,2031,0.5
RE1,TERILU,S101,2032,0.5
RE1,TERILU,S101,2033,0.5
RE1,TERILU,S101,2034,0.5
RE1,TERILU,S101,2035,0.5
RE1,TERILU,S101,2036,0.5
RE1,TERILU,S101,2037,0.5
RE1,TERILU,S101,2038,0.5
RE1,TERILU,S101,2039,0.5
RE1,TERILU,S101,2040,0.5
RE1,TERILU,S101,2041,0.5
RE1,TERILU,S101,2042,0.5
RE1,TERILU,S101,2043,0.5
RE1,TERILU,S101,2044,0.5
RE1,TERILU,S101,2045,0.5
RE1,TERILU,S101,2046,0.5
RE1,TERILU,S101,2047,0.5
RE1,TERILU,S101,2048,0.5
RE1,TERILU,S101,2049,0.5
RE1,TERILU,S101,2050,0.5
RE1,TERILU,S101,2051,0.5
RE1,TERILU,S101,2052,0.5
RE1,TERILU,S101,2053,0.5
RE1,TERILU,S101,2054,0.5
RE1,TERILU,S101,2055,0.5
RE1,TERILU,S102,2022,0.5
RE1,TERILU,S102,2023,0.5
RE1,TERILU,S102,2024,0.5
RE1,TERILU,S102,2025,0.5
RE1,TERILU,S102,2026,0.5
RE1,TERILU,S102,2027,0.5
RE1,TERILU,S102,2028,0.5
RE1,TERILU,S102,2029,0.5
RE1,TERILU,S102,2030,0.5
RE1,TERILU,S102,2031,0.5
RE1,TERILU,S102,2032,0.5
RE1,TERILU,S102,2033,0.5
RE1,TERILU,S102,2034,0.5
RE1,TERILU,S102,2035,0.5
RE1,TERILU,S102,2036,0.5
RE1,TERILU,S102,2037,0.5
RE1,TERILU,S102,2038,0.5
RE1,TERILU,S102,2039,0.5
RE1,TERILU,S102,2040,0.5
RE1,TERILU,S102,2041,0.5
RE1,TERILU,S102,2042,0.5
RE1,TERILU,S102,2043,0.5
RE1,TERILU,S102,2044,0.5
RE1,TERILU,S102,2045,0.5
RE1,TERILU,S102,2046,0.5
RE1,TERILU,S102,2047,0.5
RE1,TERILU,S102,2048,0.5
RE1,TERILU,S102,2049,0.5
RE1,TERILU,S102,2050,0.5
RE1,TERILU,S102,2051,0.5
RE1,TERILU,S102,2052,0.5
RE1,TERILU,S102,2053,0.5
RE1,TERILU,S102,2054,0.5
RE1,TERILU,S102,2055,0.5
RE1,TERMPW,S101,2022,0.5
RE1,TERMPW,S101,2023,0.5
RE1,TERMPW,S101,2024,0.5
RE1,TERMPW,S101,2025,0.5
RE1,TERMPW,S101,2026,0.5
RE1,TERMPW,S101,2027,0.5
RE1,TERMPW,S101,2028,0.5
RE1,TERMPW,S101,2029,0.5
RE1,TERMPW,S101,2030,0.5
RE1,TERMPW,S101,2031,0.5
RE1,TERMPW,S101,2032,0.5
RE1,TERMPW,S101,2033,0.5
RE1,TERMPW,S101,2034,0.5
RE1,TERMPW,S101,2035,0.5
RE1,TERMPW,S101,2036,0.5
RE1,TERMPW,S101,2037,0.5
RE1,TERMPW,S101,2038,0.5
RE1,TERMPW,S101,2039,0.5
RE1,TERMPW,S101,2040,0.5
RE1,TERMPW,S101,2041,0.5
RE1,TERMPW,S101,2042,0.5
RE1,TERMPW,S101,2043,0.5
RE1,TERMPW,S101,2044,0.5
RE1,TERMPW,S101,2045,0.5
RE1,TERMPW,S101,2046,0.5
RE1,TERMPW,S101,2047,0.5
RE1,TERMPW,S101,2048,0.5
RE1,TERMPW,S101,2049,0.5
RE1,TERMPW,S101,2050,0.5
RE1,TERMPW,S101,2051,0.5
RE1,TERMPW,S101,2052,0.5
RE1,TERMPW,S101,2053,0.5
RE1,TERMPW,S101,2054,0.5
RE1,TERMPW,S101,2055,0.5
RE1,TERMPW,S102,2022,0.5
RE1,TERMPW,S102,2023,0.5
RE1,TERMPW,S102,2024,0.5
RE1,TERMPW,S102,2025,0.5
RE1,TERMPW,S102,2026,0.5
RE1,TERMPW,S102,2027,0.5
RE1,TERMPW,S102,2028,0.5
RE1,TERMPW,S102,2029,0.5
RE1,TERMPW,S102,2030,0.5
RE1,TERMPW,S102,2031,0.5
RE1,TERMPW,S102,2032,0.5
RE1,TERMPW,S102,2033,0.5
RE1,TERMPW,S102,2034,0.5
RE1,TERMPW,S102,2035,0.5
RE1,TERMPW,S102,2036,0.5
RE1,TERMPW,S102,2037,0.5
RE1,TERMPW,S102,2038,0.5
RE1,TERMPW,S102,2039,0.5
RE1,TERMPW,S102,2040,0.5
RE1,TERMPW,S102,2041,0.5
RE1,TERMPW,S102,2042,0.5
RE1,TERMPW,S102,2043,0.5
RE1,TERMPW,S102,2044,0.5
RE1,TERMPW,S102,2045,0.5
RE1,TERMPW,S102,2046,0.5
RE1,TERMPW,S102,2047,0.5
RE1,TERMPW,S102,2048,0.5
RE1,TERMPW,S102,2049,0.5
RE1,TERMPW,S102,2050,0.5
RE1,TERMPW,S102,2051,0.5
RE1,TERMPW,S102,2052,0.5
RE1,TERMPW,S102,2053,0.5
RE1,TERMPW,S102,2054,0.5
RE1,TERMPW,S102,2055,0.5
RE1,TEROTH,S101,2022,0.5
RE1,TEROTH,S101,2023,0.5
RE1,TEROTH,S101,2024,0.5
RE1,TEROTH,S101,2025,0.5
RE1,TEROTH,S101,2026,0.5
RE1,TEROTH,S101,2027,0.5
RE1,TEROTH,S101,2028,0.5
RE1,TEROTH,S101,2029,0.5
RE1,TEROTH,S101,2030,0.5
RE1,TEROTH,S101,2031,0.5
RE1,TEROTH,S101,2032,0.5
RE1,TEROTH,S101,2033,0.5
RE1,TEROTH,S101,2034,0.5
RE1,TEROTH,S101,2035,0.5
RE1,TEROTH,S101,2036,0.5
RE1,TEROTH,S101,2037,0.5
RE1,TEROTH,S101,2038,0.5
RE1,TEROTH,S101,2039,0.5
RE1,TEROTH,S101,2040,0.5
RE1,TEROTH,S101,2041,0.5
RE1,TEROTH,S101,2042,0.5
RE1,TEROTH,S101,2043,0.5
RE1,TEROTH,S101,2044,0.5
RE1,TEROTH,S101,2045,0.5
RE1,TEROTH,S101,2046,0.5
RE1,TEROTH,S101,2047,0.5
RE1,TEROTH,S101,2048,0.5
RE1,TEROTH,S101,2049,0.5
RE1,TEROTH,S101,2050,0.5
RE1,TEROTH,S101,2051,0.5
RE1,TEROTH,S101,2052,0.5
RE1,TEROTH,S101,2053,0.5
RE1,TEROTH,S101,2054,0.5
RE1,TEROTH,S101,2055,0.5
RE1,TEROTH,S102,2022,0.5
RE1,TEROTH,S102,2023,0.5
RE1,TEROTH,S102,2024,0.5
RE1,TEROTH,S102,2025,0.5
RE1,TEROTH,S102,2026,0.5
RE1,TEROTH,S102,2027,0.5
RE1,TEROTH,S102,2028,0.5
RE1,TEROTH,S102,2029,0.5
RE1,TEROTH,S102,2030,0.5
RE1,TEROTH,S102,2031,0.5
RE1,TEROTH,S102,2032,0.5
RE1,TEROTH,S102,2033,0.5
RE1,TEROTH,S102,2034,0.5
RE1,TEROTH,S102,2035,0.5
RE1,TEROTH,S102,2036,0.5
RE1,TEROTH,S102,2037,0.5
RE1,TEROTH,S102,2038,0.5
RE1,TEROTH,S102,2039,0.5
RE1,TEROTH,S102,2040,0.5
RE1,TEROTH,S102,2041,0.5
RE1,TEROTH,S102,2042,0.5
RE1,TEROTH,S102,2043,0.5
RE1,TEROTH,S102,2044,0.5
RE1,TEROTH,S102,2045,0.5
RE1,TEROTH,S102,2046,0.5
RE1,TEROTH,S102,2047,0.5
RE1,TEROTH,S102,2048,0.5
RE1,TEROTH,S102,2049,0.5
RE1,TEROTH,S102,2050,0.5
RE1,TEROTH,S102,2051,0.5
RE1,TEROTH,S102,2052,0.5
RE1,TEROTH,S102,2053,0.5
RE1,TEROTH,S102,2054,0.5
RE1,TEROTH,S102,2055,0.5
RE1,TERREF_AUC,S101,2022,0.5
RE1,TERREF_AUC,S101,2023,0.5
RE1,TERREF_AUC,S101,2024,0.5
RE1,TERREF_AUC,S101,2025,0.5
RE1,TERREF_AUC,S101,2026,0.5
RE1,TERREF_AUC,S101,2027,0.5
RE1,TERREF_AUC,S101,2028,0.5
RE1,TERREF_AUC,S101,2029,0.5
RE1,TERREF_AUC,S101,2030,0.5
RE1,TERREF_AUC,S101,2031,0.5
RE1,TERREF_AUC,S101,2032,0.5
RE1,TERREF_AUC,S101,2033,0.5
RE1,TERREF_AUC,S101,2034,0.5
RE1,TERREF_AUC,S101,2035,0.5
RE1,TERREF_AUC,S101,2036,0.5
RE1,TERREF_AUC,S101,2037,0.5
RE1,TERREF_AUC,S101,2038,0.5
RE1,TERREF_AUC,S101,2039,0.5
RE1,TERREF_AUC,S101,2040,0.5
RE1,TERREF_AUC,S101,2041,0.5
RE1,TERREF_AUC,S101,2042,0.5
RE1,TERREF_AUC,S101,2043,0.5
RE1,TERREF_AUC,S101,2044,0.5
RE1,TERREF_AUC,S101,2045,0.5
RE1,TERREF_AUC,S101,2046,0.5
RE1,TERREF_AUC,S101,2047,0.5
RE1,TERREF_AUC,S101,2048,0.5
RE1,TERREF_AUC,S101,2049,0.5
RE1,TERREF_AUC,S101,2050,0.5
RE1,TERREF_AUC,S101,2051,0.5
RE1,TERREF_AUC,S101,2052,0.5
RE1,TERREF_AUC,S101,2053,0.5
RE1,TERREF_AUC,S101,2054,0.5
RE1,TERREF_AUC,S101,2055,0.5
RE1,TERREF_AUC,S102,2022,0.5
RE1,TERREF_AUC,S102,2023,0.5
RE1,TERREF_AUC,S102,2024,0.5
RE1,TERREF_AUC,S102,2025,0.5
RE1,TERREF_AUC,S102,2026,0.5
RE1,TERREF_AUC,S102,2027,0.5
RE1,TERREF_AUC,S102,2028,0.5
RE1,TERREF_AUC,S102,2029,0.5
RE1,TERREF_AUC,S102,2030,0.5
RE1,TERREF_AUC,S102,2031,0.5
RE1,TERREF_AUC,S102,2032,0.5
RE1,TERREF_AUC,S102,2033,0.5
RE1,TERREF_AUC,S102,2034,0.5
RE1,TERREF_AUC,S102,2035,0.5
RE1,TERREF_AUC,S102,2036,0.5
RE1,TERREF_AUC,S102,2037,0.5
RE1,TERREF_AUC,S102,2038,0.5
RE1,TERREF_AUC,S102,2039,0.5
RE1,TERREF_AUC,S102,2040,0.5
RE1,TERREF_AUC,S102,2041,0.5
RE1,TERREF_AUC,S102,2042,0.5
RE1,TERREF_AUC,S102,2043,0.5
RE1,TERREF_AUC,S102,2044,0.5
RE1,TERREF_AUC,S102,2045,0.5
RE1,TERREF_AUC,S102,2046,0.5
RE1,TERREF_AUC,S102,2047,0.5
RE1,TERREF_AUC,S102,2048,0.5
RE1,TERREF_AUC,S102,2049,0.5
RE1,TERREF_AUC,S102,2050,0.5
RE1,TERREF_AUC,S102,2051,0.5
RE1,TERREF_AUC,S102,2052,0.5
RE1,TERREF_AUC,S102,2053,0.5
RE1,TERREF_AUC,S102,2054,0.5
RE1,TERREF_AUC,S102,2055,0.5
RE1,TERREF_CEN,S101,2022,0.5
RE1,TERREF_CEN,S101,2023,0.5
RE1,TERREF_CEN,S101,2024,0.5
RE1,TERREF_CEN,S101,2025,0.5
RE1,TERREF_CEN,S101,2026,0.5
RE1,TERREF_CEN,S101,2027,0.5
RE1,TERREF_CEN,S101,2028,0.5
RE1,TERREF_CEN,S101,2029,0.5
RE1,TERREF_CEN,S101,2030,0.5
RE1,TERREF_CEN,S101,2031,0.5
RE1,TERREF_CEN,S101,2032,0.5
RE1,TERREF_CEN,S101,2033,0.5
RE1,TERREF_CEN,S101,2034,0.5
RE1,TERREF_CEN,S101,2035,0.5
RE1,TERREF_CEN,S101,2036,0.5
RE1,TERREF_CEN,S101,2037,0.5
RE1,TERREF_CEN,S101,2038,0.5
RE1,TERREF_CEN,S101,2039,0.5
RE1,TERREF_CEN,S101,2040,0.5
RE1,TERREF_CEN,S101,2041,0.5
RE1,TERREF_CEN,S101,2042,0.5
RE1,TERREF_CEN,S101,2043,0.5
RE1,TERREF_CEN,S101,2044,0.5
RE1,TERREF_CEN,S101,2045,0.5
RE1,TERREF_CEN,S101,2046,0.5
RE1,TERREF_CEN,S101,2047,0.5
RE1,TERREF_CEN,S101,2048,0.5
RE1,TERREF_CEN,S101,2049,0.5
RE1,TERREF_CEN,S101,2050,0.5
RE1,TERREF_CEN,S101,2051,0.5
RE1,TERREF_CEN,S101,2052,0.5
RE1,TERREF_CEN,S101,2053,0.5
RE1,TERREF_CEN,S101,2054,0.5
RE1,TERREF_CEN,S101,2055,0.5
RE1,TERREF_CEN,S102,2022,0.5
RE1,TERREF_CEN,S102,2023,0.5
RE1,TERREF_CEN,S102,2024,0.5
RE1,TERREF_CEN,S102,2025,0.5
RE1,TERREF_CEN,S102,2026,0.5
RE1,TERREF_CEN,S102,2027,0.5
RE1,TERREF_CEN,S102,2028,0.5
RE1,TERREF_CEN,S102,2029,0.5
RE1,TERREF_CEN,S102,2030,0.5
RE1,TERREF_CEN,S102,2031,0.5
RE1,TERREF_CEN,S102,2032,0.5
RE1,TERREF_CEN,S102,2033,0.5
RE1,TERREF_CEN,S102,2034,0.5
RE1,TERREF_CEN,S102,2035,0.5
RE1,TERREF_CEN,S102,2036,0.5
RE1,TERREF_CEN,S102,2037,0.5
RE1,TERREF_CEN,S102,2038,0.5
RE1,TERREF_CEN,S102,2039,0.5
RE1,TERREF_CEN,S102,2040,0.5
RE1,TERREF_CEN,S102,2041,0.5
RE1,TERREF_CEN,S102,2042,0.5
RE1,TERREF_CEN,S102,2043,0.5
RE1,TERREF_CEN,S102,2044,0.5
RE1,TERREF_CEN,S102,2045,0.5
RE1,TERREF_CEN,S102,2046,0.5
RE1,TERREF_CEN,S102,2047,0.5
RE1,TERREF_CEN,S102,2048,0.5
RE1,TERREF_CEN,S102,2049,0.5
RE1,TERREF_CEN,S102,2050,0.5
RE1,TERREF_CEN,S102,2051,0.5
RE1,TERREF_CEN,S102,2052,0.5
RE1,TERREF_CEN,S102,2053,0.5
RE1,TERREF_CEN,S102,2054,0.5
RE1,TERREF_CEN,S102,2055,0.5
RE1,TRAMET,S101,2022,0.5
RE1,TRAMET,S101,2023,0.5
RE1,TRAMET,S101,2024,0.5
RE1,TRAMET,S101,2025,0.5
RE1,TRAMET,S101,2026,0.5
RE1,TRAMET,S101,2027,0.5
RE1,TRAMET,S101,2028,0.5
RE1,TRAMET,S101,2029,0.5
RE1,TRAMET,S101,2030,0.5
RE1,TRAMET,S101,2031,0.5
RE1,TRAMET,S101,2032,0.5
RE1,TRAMET,S101,2033,0.5
RE1,TRAMET,S101,2034,0.5
RE1,TRAMET,S101,2035,0.5
RE1,TRAMET,S101,2036,0.5
RE1,TRAMET,S101,2037,0.5
RE1,TRAMET,S101,2038,0.5
RE1,TRAMET,S101,2039,0.5
RE1,TRAMET,S101,2040,0.5
RE1,TRAMET,S101,2041,0.5
RE1,TRAMET,S101,2042,0.5
RE1,TRAMET,S101,2043,0.5
RE1,TRAMET,S101,2044,0.5
RE1,TRAMET,S101,2045,0.5
RE1,TRAMET,S101,2046,0.5
RE1,TRAMET,S101,2047,0.5
RE1,TRAMET,S101,2048,0.5
RE1,TRAMET,S101,2049,0.5
RE1,TRAMET,S101,2050,0.5
RE1,TRAMET,S101,2051,0.5
RE1,TRAMET,S101,2052,0.5
RE1,TRAMET,S101,2053,0.5
RE1,TRAMET,S101,2054,0.5
RE1,TRAMET,S101,2055,0.5
RE1,TRAMET,S102,2022,0.5
RE1,TRAMET,S102,2023,0.5
RE1,TRAMET,S102,2024,0.5
RE1,TRAMET,S102,2025,0.5
RE1,TRAMET,S102,2026,0.5
RE1,TRAMET,S102,2027,0.5
RE1,TRAMET,S102,2028,0.5
RE1,TRAMET,S102,2029,0.5
RE1,TRAMET,S102,2030,0.5
RE1,TRAMET,S102,2031,0.5
RE1,TRAMET,S102,2032,0.5
RE1,TRAMET,S102,2033,0.5
RE1,TRAMET,S102,2034,0.5
RE1,TRAMET,S102,2035,0.5
RE1,TRAMET,S102,2036,0.5
RE1,TRAMET,S102,2037,0.5
RE1,TRAMET,S102,2038,0.5
RE1,TRAMET,S102,2039,0.5
RE1,TRAMET,S102,2040,0.5
RE1,TRAMET,S102,2041,0.5
RE1,TRAMET,S102,2042,0.5
RE1,TRAMET,S102,2043,0.5
RE1,TRAMET,S102,2044,0.5
RE1,TRAMET,S102,2045,0.5
RE1,TRAMET,S102,2046,0.5
RE1,TRAMET,S102,2047,0.5
RE1,TRAMET,S102,2048,0.5
RE1,TRAMET,S102,2049,0.5
RE1,TRAMET,S102,2050,0.5
RE1,TRAMET,S102,2051,0.5
RE1,TRAMET,S102,2052,0.5
RE1,TRAMET,S102,2053,0.5
RE1,TRAMET,S102,2054,0.5
RE1,TRAMET,S102,2055,0.5
